id,listPrice
RE_015637,306330.6
RE_005176,327007.53
RE_013544,735324.2
RE_016667,586655.1
RE_011479,1.3438368e+06
RE_009732,1.7215384e+07
RE_007693,421770.5
RE_002473,552494.4
RE_016616,257267.42
RE_004627,724057.25
RE_015002,4.832957e+06
RE_012041,121480.66
RE_000529,255853.92
RE_016850,248194.1
RE_004858,4.9979595e+06
RE_000076,387983.62
RE_007065,8.1545155e+06
RE_001527,1.559937e+06
RE_012351,196788.31
RE_002111,303416.12
RE_004003,197927.2
RE_001573,437293.16
RE_009818,714915.75
RE_002028,505918.28
RE_006111,157092.25
RE_004414,183371.72
RE_010742,823639.56
RE_011542,191023.0
RE_010098,252300.78
RE_005411,674623.3
RE_003533,1.1617311e+06
RE_014369,1.1785962e+06
RE_004492,522054.03
RE_002708,788408.6
RE_003059,465179.78
RE_018286,689775.75
RE_007838,394878.28
RE_009152,479243.7
RE_011388,340367.9
RE_002086,684983.1
RE_002264,765012.25
RE_010562,178109.5
RE_005981,1.0004924e+06
RE_014248,355939.66
RE_016378,312945.8
RE_014357,1.4916512e+06
RE_005169,41853.453
RE_007401,106750.555
RE_006851,862975.94
RE_017367,126271.16
RE_003501,55603.992
RE_008593,45218.215
RE_007933,422885.38
RE_002811,1.3109854e+06
RE_007477,7.3014465e+06
RE_013385,753274.6
RE_016675,117211.67
RE_011471,1.02743306e+06
RE_016363,365370.2
RE_016534,67650.43
RE_009273,1.4439171e+06
RE_001984,229750.44
RE_006652,155921.17
RE_010788,615864.5
RE_004021,475997.38
RE_013277,278256.6
RE_014072,213051.28
RE_000838,107394.07
RE_009824,1.3553289e+06
RE_016985,1.555783e+06
RE_003836,464012.28
RE_001877,371856.97
RE_005294,390831.66
RE_010181,657468.4
RE_017487,845175.44
RE_017931,268666.34
RE_004267,135861.8
RE_000996,448749.84
RE_015249,182117.25
RE_000537,84383.31
RE_009660,197402.95
RE_013074,676832.4
RE_006266,2.184767e+06
RE_012669,397728.72
RE_006856,378689.97
RE_009300,398228.97
RE_015608,887140.5
RE_014390,1.2990154e+06
RE_006187,411794.75
RE_015743,169744.92
RE_014170,269161.56
RE_011495,703324.7
RE_012087,1.8585212e+06
RE_013353,448192.97
RE_012217,138641.77
RE_014522,466706.16
RE_007990,438638.5
RE_012516,323461.1
RE_015990,3.3785165e+06
RE_007578,187256.1
RE_016143,283173.53
RE_009945,117579.57
RE_013988,675113.75
RE_016993,160298.22
RE_002447,810878.75
RE_001366,1.8793515e+06
RE_003889,2.0159922e+06
RE_016161,475063.16
RE_011740,559977.6
RE_015773,285904.2
RE_013609,261653.47
RE_014127,509442.47
RE_014322,1.5045566e+06
RE_015088,678845.44
RE_010578,1.121952e+07
RE_013127,2.4765178e+06
RE_002189,136967.08
RE_014506,509628.1
RE_009468,743802.5
RE_018055,389259.7
RE_013711,164634.61
RE_010537,291830.53
RE_010500,2.2335015e+06
RE_008310,950969.0
RE_011212,486587.84
RE_006136,729848.9
RE_008163,610541.7
RE_010217,298343.1
RE_005396,997490.4
RE_003220,438296.84
RE_009502,418276.4
RE_007010,137202.67
RE_017227,376150.97
RE_005661,385872.56
RE_006741,958654.25
RE_006253,594156.6
RE_016406,447766.2
RE_011464,394618.53
RE_012130,302411.38
RE_009956,272481.16
RE_011206,1.6525775e+07
RE_006523,769247.44
RE_016415,193979.02
RE_005101,254855.47
RE_011096,302266.06
RE_016583,134053.36
RE_003370,218171.69
RE_005546,201698.03
RE_004098,1.0808034e+06
RE_004346,507571.53
RE_010570,298572.22
RE_001708,273145.38
RE_000930,250635.48
RE_006070,229571.48
RE_007327,786734.5
RE_000642,1.3810999e+06
RE_007738,470975.25
RE_014970,525256.7
RE_012709,529935.5
RE_016273,6.16488e+06
RE_011653,684216.6
RE_013248,2.159332e+06
RE_012821,598647.6
RE_001981,1.2194696e+06
RE_001019,676021.5
RE_000451,207990.72
RE_009929,1.5045222e+06
RE_017652,906326.0
RE_015667,431781.6
RE_005770,109251.98
RE_014562,549038.75
RE_000127,620905.56
RE_005034,470528.56
RE_017976,374942.22
RE_000570,1.2139835e+06
RE_011776,401100.94
RE_017979,3.3494605e+06
RE_001010,2.4248152e+06
RE_012311,543732.7
RE_005619,381572.38
RE_010062,63639.336
RE_003721,290208.6
RE_016349,675839.75
RE_015028,3.3354128e+06
RE_000465,1.7541102e+06
RE_015220,449433.8
RE_011037,275160.66
RE_005526,544214.6
RE_006711,427023.12
RE_002650,1.1868324e+06
RE_008469,202219.98
RE_014419,431101.06
RE_011323,545213.1
RE_016876,348137.28
RE_007956,796042.44
RE_009126,611984.5
RE_012997,484989.5
RE_008649,404059.5
RE_015069,66702.41
RE_000607,596311.5
RE_003241,410615.9
RE_013349,285321.84
RE_000680,229227.8
RE_002178,70489.336
RE_003098,414228.9
RE_003286,229574.98
RE_005640,69563.4
RE_003149,610102.8
RE_001392,364992.34
RE_010509,834053.6
RE_003458,5.521469e+06
RE_009711,615637.8
RE_000014,1.3101842e+06
RE_016956,403714.0
RE_009054,586729.0
RE_017518,337735.25
RE_012731,147392.44
RE_003396,262790.3
RE_005735,430953.06
RE_015511,1.5544971e+06
RE_007860,438768.2
RE_003713,216564.92
RE_003017,573404.2
RE_017689,349565.2
RE_015510,1.03745244e+06
RE_011077,590900.06
RE_001394,330011.34
RE_013313,210536.0
RE_001997,545318.1
RE_007788,567030.9
RE_002243,1.3126605e+06
RE_013903,337686.94
RE_011581,323326.0
RE_007299,481971.72
RE_005923,140692.72
RE_014153,1.3975291e+06
RE_005649,1.3960332e+06
RE_005989,886187.5
RE_006940,1.1676635e+06
RE_002054,631797.06
RE_007282,266177.5
RE_000676,384335.2
RE_006608,1.3217326e+06
RE_008001,487995.94
RE_009671,558835.44
RE_013201,1.5838966e+06
RE_001474,1.00481725e+06
RE_002273,297462.94
RE_005389,1.282813e+06
RE_008738,401590.47
RE_002062,100691.336
RE_015495,347225.44
RE_016764,105761.33
RE_003739,589263.06
RE_003759,575670.44
RE_006320,230930.06
RE_005102,892788.0
RE_003673,927878.25
RE_005840,222523.78
RE_016262,5.814102e+06
RE_010878,756433.5
RE_012833,906003.7
RE_015147,264508.38
RE_015177,19025.139
RE_013712,605624.06
RE_000950,716119.44
RE_003619,552792.2
RE_003465,542901.06
RE_006391,1.7209752e+06
RE_007913,736213.9
RE_002451,289033.06
RE_017612,238330.14
RE_016208,247987.3
RE_013214,731117.44
RE_001496,623997.7
RE_005470,659035.9
RE_001185,4.5913965e+06
RE_012068,238346.5
RE_001108,349515.5
RE_012076,248876.23
RE_012896,781454.5
RE_001648,358887.72
RE_008116,247573.77
RE_001517,198089.03
RE_006045,45928.21
RE_016731,133214.66
RE_011408,402607.44
RE_008605,1.4792981e+06
RE_011376,1.3646451e+06
RE_008150,355793.75
RE_002168,629929.0
RE_010990,147927.28
RE_002733,1.0714581e+06
RE_013416,194246.89
RE_011406,121453.555
RE_008843,150305.11
RE_005220,885433.1
RE_000139,138512.64
RE_016486,656562.3
RE_012277,243291.69
RE_017471,376523.16
RE_013892,1.04027406e+06
RE_010863,347131.4
RE_007175,187548.48
RE_005200,607608.4
RE_017141,556950.9
RE_003400,1.1785861e+06
RE_001257,905906.9
RE_008718,1.713326e+06
RE_000802,923614.9
RE_004080,389921.03
RE_006736,489628.0
RE_018047,129014.62
RE_002827,791092.94
RE_015148,604143.25
RE_012355,162346.39
RE_003797,3.7405045e+06
RE_006696,160293.94
RE_014818,308351.53
RE_006720,754414.1
RE_009704,221336.42
RE_005559,202560.27
RE_008734,345377.62
RE_015862,437108.03
RE_002847,252235.58
RE_007258,474262.38
RE_013234,2.5457302e+06
RE_003397,111848.59
RE_000336,481590.38
RE_013279,132189.06
RE_015490,970606.94
RE_013488,1.3566881e+06
RE_017355,61254.797
RE_006361,556124.0
RE_002907,249641.2
RE_011384,836283.0
RE_009108,459583.16
RE_007970,417672.1
RE_014873,799642.94
RE_002112,704971.3
RE_010107,281605.1
RE_007494,351572.8
RE_003568,576169.7
RE_008490,446930.44
RE_006925,421184.88
RE_008344,443974.56
RE_001339,143391.73
RE_003453,371339.22
RE_007013,862089.25
RE_001789,1.7934042e+06
RE_002442,1.4373306e+06
RE_000261,1.1723901e+06
RE_006094,408896.5
RE_014486,334392.5
RE_015998,462784.6
RE_001968,842945.75
RE_006382,353669.56
RE_013616,213157.56
RE_000760,125713.516
RE_018235,173160.05
RE_012631,756248.9
RE_017346,233180.95
RE_015219,263519.62
RE_007142,477204.6
RE_001720,1.1760319e+06
RE_014951,389388.88
RE_014877,2.4219262e+06
RE_010189,842592.9
RE_000222,104113.89
RE_005259,223478.45
RE_008115,1.0879555e+06
RE_001523,721784.9
RE_017203,517984.94
RE_002941,430697.9
RE_014583,697561.25
RE_003252,1.1228839e+06
RE_016298,1.5756856e+06
RE_005633,328896.9
RE_015362,287691.6
RE_016970,1.0579265e+06
RE_011354,344472.03
RE_018138,994478.44
RE_011882,148954.19
RE_012350,229197.62
RE_004495,186243.08
RE_013871,343943.53
RE_017264,183213.17
RE_018008,2.0735064e+06
RE_005336,436126.2
RE_012337,1.2146729e+07
RE_017766,4.983006e+06
RE_011229,3.8025515e+06
RE_014897,515643.8
RE_015769,493439.5
RE_005605,917744.4
RE_006811,751966.2
RE_017390,732994.06
RE_004805,666293.94
RE_010828,66170.25
RE_010669,2.557664e+06
RE_014331,619505.5
RE_008969,883888.4
RE_004716,984231.8
RE_011459,318484.53
RE_006908,212418.69
RE_005097,270731.97
RE_008136,1.680535e+06
RE_018191,211244.16
RE_007392,264201.03
RE_001711,23080.953
RE_012175,2.9263282e+06
RE_008751,976512.9
RE_013335,1.4196426e+06
RE_005113,635747.5
RE_002002,733745.94
RE_013318,256452.19
RE_002089,176623.69
RE_010475,1.2683974e+06
RE_010768,386911.34
RE_001529,227447.39
RE_009543,148539.27
RE_016849,2.374235e+06
RE_017151,1.7149672e+07
RE_017458,631043.75
RE_017312,258340.86
RE_010984,562039.06
RE_009178,457620.3
RE_018152,461142.62
RE_003631,141536.25
RE_016227,1.0560062e+06
RE_017796,229507.12
RE_002227,216364.67
RE_016252,558470.44
RE_003205,467791.2
RE_012128,83076.4
RE_015125,1.0559483e+07
RE_017189,422310.66
RE_013137,360656.1
RE_016279,1.0157779e+06
RE_006786,943869.1
RE_017637,537655.4
RE_001795,1.2392324e+06
RE_015214,447250.62
RE_016306,515571.03
RE_017634,357566.62
RE_001290,353224.28
RE_006745,1.7293924e+06
RE_003339,499262.22
RE_008543,843511.9
RE_018003,739417.56
RE_012800,3.1496702e+06
RE_006693,392891.53
RE_009360,441042.88
RE_002627,554021.9
RE_007740,198219.23
RE_010149,2.2983055e+06
RE_015007,258439.42
RE_003188,270918.44
RE_008404,673009.75
RE_007125,394245.38
RE_011556,1.1531248e+06
RE_018282,733855.8
RE_012049,371109.8
RE_013868,932300.8
RE_010866,794215.7
RE_017030,892671.3
RE_001932,186835.3
RE_003994,470766.44
RE_016395,1.0046333e+06
RE_012985,324386.9
RE_006724,371125.72
RE_013238,238533.19
RE_004980,242973.78
RE_014930,3.949306e+06
RE_015531,285294.9
RE_004481,242496.92
RE_013436,201059.84
RE_002533,226371.47
RE_017579,869960.9
RE_013826,906347.6
RE_006392,314353.2
RE_003402,558944.7
RE_017654,537561.56
RE_015586,517011.72
RE_008787,357885.62
RE_010105,353200.03
RE_002385,208229.28
RE_008237,148106.12
RE_006746,538829.3
RE_013200,387245.78
RE_001482,154913.6
RE_004498,919781.56
RE_012803,719564.94
RE_011431,429998.97
RE_012079,1.2451841e+06
RE_005372,554203.7
RE_004079,490470.62
RE_006974,587537.0
RE_002479,499246.5
RE_003867,352607.7
RE_000730,176603.98
RE_002805,749858.6
RE_009119,1.3238093e+07
RE_009441,233597.39
RE_007245,412290.66
RE_017467,790403.7
RE_004692,568872.5
RE_003081,1.7033471e+06
RE_016945,529174.94
RE_010270,333744.78
RE_002008,843767.7
RE_013666,345356.22
RE_010011,299559.34
RE_015659,427377.97
RE_011679,882940.56
RE_005628,692407.44
RE_009654,448730.6
RE_009748,232324.14
RE_017574,549182.8
RE_006643,146346.16
RE_003327,1.9038e+06
RE_007035,561886.3
RE_000464,158568.84
RE_008877,5.485297e+06
RE_011019,207200.39
RE_011928,1.4518636e+06
RE_007141,144544.08
RE_004510,451783.2
RE_013042,2.011343e+06
RE_016866,323015.03
RE_006690,474383.16
RE_002838,418087.75
RE_013374,713260.2
RE_009286,1.0658234e+06
RE_017775,8.567018e+06
RE_002133,252968.89
RE_005081,952975.44
RE_000578,330501.72
RE_001597,321359.5
RE_001105,1.4718329e+06
RE_003428,876082.0
RE_007634,627301.44
RE_010320,536746.0
RE_016221,165168.2
RE_017000,1.1037286e+06
RE_005303,210607.9
RE_001822,469255.88
RE_004105,600915.06
RE_010950,311987.78
RE_014646,803680.4
RE_005851,244046.0
RE_012054,348072.2
RE_001150,94603.414
RE_003907,3.7417102e+06
RE_008064,164282.5
RE_003262,397665.78
RE_014603,437058.4
RE_009139,1.7281229e+06
RE_001516,3.732056e+06
RE_001383,665876.0
RE_018231,337220.94
RE_000122,275295.06
RE_010462,270964.97
RE_017697,154978.77
RE_010943,386820.94
RE_004878,380892.47
RE_001179,577576.94
RE_002574,384608.0
RE_010397,190891.33
RE_010013,331872.2
RE_017149,146953.69
RE_002918,1.3914848e+06
RE_006029,276628.84
RE_013910,434540.25
RE_007033,651081.5
RE_012169,1.3184129e+06
RE_008967,284801.78
RE_003229,341575.94
RE_013293,1.436355e+06
RE_016641,572448.56
RE_011934,233956.56
RE_017168,336104.25
RE_017727,1.2530272e+06
RE_008192,940811.75
RE_004536,647014.2
RE_007994,1.1175956e+06
RE_013935,687119.3
RE_012765,406803.53
RE_011778,241396.52
RE_006177,1.5253422e+06
RE_010934,127450.51
RE_016080,472071.56
RE_001828,473707.75
RE_009510,444610.97
RE_016288,981051.25
RE_007399,2.6707052e+06
RE_012171,157397.42
RE_003399,755288.8
RE_000318,139233.39
RE_002370,270607.8
RE_009133,166650.44
RE_015770,414331.62
RE_010004,263915.22
RE_016585,1.06334e+06
RE_007342,1.9138669e+06
RE_010019,662860.06
RE_001237,9.13793e+06
RE_003738,246195.22
RE_000213,169701.86
RE_007183,507621.4
RE_016604,837424.25
RE_002739,1.1245052e+06
RE_004751,400614.28
RE_007882,211557.45
RE_013765,503758.47
RE_008731,367622.12
RE_015051,2.9848845e+06
RE_011803,1.01387325e+06
RE_007340,762263.06
RE_010640,8.128133e+06
RE_005629,480687.8
RE_012700,536634.44
RE_003499,777883.2
RE_011355,293405.28
RE_008809,346732.38
RE_011468,700896.8
RE_000151,550135.25
RE_006306,140295.44
RE_012443,96547.28
RE_015995,249840.55
RE_016712,364172.12
RE_006582,1.7210966e+06
RE_012178,313419.8
RE_017779,2.0870545e+06
RE_007240,88250.34
RE_014555,1.0684092e+06
RE_015340,2.2233472e+06
RE_008331,411166.88
RE_008617,302930.1
RE_001569,336282.53
RE_009938,377684.4
RE_003272,357221.03
RE_002744,777255.9
RE_018250,2.232509e+06
RE_005249,458023.72
RE_003515,555579.0
RE_003276,3.5675942e+06
RE_012594,611092.75
RE_002455,596074.94
RE_014503,36428.207
RE_015094,206550.31
RE_016453,195035.97
RE_012223,560704.4
RE_007682,643865.7
RE_000830,1.3130064e+07
RE_015195,560037.94
RE_004344,80998.36
RE_004068,400287.0
RE_014920,172466.55
RE_007214,607672.1
RE_013926,61550.582
RE_014198,677046.75
RE_010507,202278.62
RE_001468,90840.12
RE_015546,57040.984
RE_009651,644310.44
RE_016754,765734.9
RE_002367,2.6160335e+06
RE_017353,614035.3
RE_006080,1.2540386e+06
RE_011578,546955.6
RE_004076,405560.47
RE_007417,787069.94
RE_002103,134176.4
RE_009766,216659.53
RE_018089,306907.53
RE_012392,669114.2
RE_005444,1.7079131e+06
RE_009004,1.0419292e+06
RE_017600,313129.12
RE_016397,340786.25
RE_002749,673862.0
RE_002006,180211.6
RE_006341,1.9727919e+06
RE_000824,931182.06
RE_001082,158188.66
RE_003711,501761.0
RE_009012,1.2031e+06
RE_000387,702623.44
RE_009066,137839.53
RE_012263,938503.4
RE_004075,241653.81
RE_005446,337534.62
RE_005812,289752.0
RE_013675,183997.8
RE_000801,660860.44
RE_005781,1.0860948e+06
RE_010101,975654.6
RE_000765,68571.95
RE_001930,277646.9
RE_013388,520812.84
RE_012046,404173.2
RE_008596,4.8124535e+06
RE_000293,718444.5
RE_011387,1.29159e+06
RE_017276,6.580536e+06
RE_014435,671794.56
RE_005926,540242.75
RE_007884,1.1485535e+06
RE_007586,380048.5
RE_001723,233695.88
RE_014698,203742.86
RE_007376,247106.25
RE_004656,582191.4
RE_015364,548367.4
RE_005802,2.1239418e+06
RE_009892,951676.7
RE_007964,167166.97
RE_012714,726918.9
RE_006349,626768.0
RE_003922,904534.25
RE_003136,614194.0
RE_000739,1.6632704e+06
RE_008573,263913.72
RE_014337,503813.25
RE_017785,560248.44
RE_017073,992441.44
RE_010256,244903.05
RE_006592,220151.0
RE_009769,164765.61
RE_017395,170379.22
RE_014915,615388.3
RE_008732,795352.6
RE_001473,832255.56
RE_008581,407007.66
RE_011108,1.4183976e+06
RE_009078,2.0824638e+06
RE_007044,60730.766
RE_006635,609275.44
RE_003232,238375.83
RE_007958,761818.3
RE_011588,510970.3
RE_001141,2.9459908e+06
RE_017881,223345.3
RE_012632,461023.9
RE_002484,284057.44
RE_002688,914047.0
RE_004208,742375.25
RE_018110,718391.75
RE_009993,1.1166006e+06
RE_001121,539991.9
RE_002763,339621.5
RE_010988,161788.89
RE_004195,281115.66
RE_012819,657676.56
RE_016528,89294.03
RE_009276,1.443398e+06
RE_006508,1.9066672e+06
RE_010112,324441.38
RE_009166,909831.6
RE_011615,1.485792e+06
RE_014879,63376.234
RE_010483,456031.0
RE_006020,541905.3
RE_006418,617605.44
RE_004953,581960.44
RE_017488,370218.28
RE_001526,548770.75
RE_018299,1.0813488e+06
RE_011569,624010.75
RE_002000,817255.7
RE_000422,826439.06
RE_016749,218203.31
RE_016253,1.1922996e+07
RE_006327,4.035846e+06
RE_013553,513679.53
RE_013006,448518.8
RE_012848,860174.06
RE_004635,438707.1
RE_000874,243094.31
RE_004204,479097.44
RE_010448,147369.81
RE_017665,399068.78
RE_007087,162329.22
RE_001675,153756.28
RE_009115,407367.25
RE_000622,383521.25
RE_001804,195667.55
RE_013517,588670.5
RE_004777,60628.797
RE_003497,456182.38
RE_008067,677589.3
RE_016483,272331.78
RE_008842,40271.035
RE_005037,78261.98
RE_001247,902846.8
RE_009348,220104.81
RE_015699,69567.58
RE_014701,182253.64
RE_014841,579514.7
RE_005531,153937.33
RE_003369,3.9127655e+06
RE_002762,704986.06
RE_001885,168715.25
RE_011174,3.0463842e+06
RE_007292,629356.1
RE_008699,185395.47
RE_001462,256146.66
RE_012858,253331.02
RE_010145,4.0773992e+06
RE_001506,3.3553558e+06
RE_015365,1.2683442e+06
RE_011680,746134.25
RE_015322,432681.44
RE_015551,497190.56
RE_010520,776302.44
RE_006300,138297.77
RE_007963,504540.25
RE_015610,569222.5
RE_017295,684351.75
RE_012784,813664.3
RE_006002,353500.28
RE_016741,2.3378228e+06
RE_011607,318481.8
RE_011957,629409.56
RE_005156,445125.6
RE_004842,99426.125
RE_014730,565340.3
RE_015022,126690.805
RE_009299,204141.0
RE_016348,690623.56
RE_015170,949823.4
RE_013255,1.1719732e+06
RE_001892,759256.5
RE_007714,777868.4
RE_016105,1.3408016e+06
RE_007196,137870.3
RE_006879,675265.06
RE_011629,767351.94
RE_013665,181211.67
RE_007418,474903.72
RE_016933,645844.7
RE_008952,665082.0
RE_017555,95546.484
RE_008210,510800.75
RE_011000,214997.05
RE_004335,106189.05
RE_010615,134154.9
RE_013640,342280.62
RE_015575,62448.13
RE_011489,330876.72
RE_002139,312680.3
RE_000553,486035.94
RE_013184,461066.97
RE_004660,415386.03
RE_013880,1.1665505e+06
RE_012386,493396.7
RE_004413,143392.69
RE_009976,261827.95
RE_004666,367569.22
RE_010139,216752.33
RE_003695,107998.195
RE_016656,389163.9
RE_010465,163308.39
RE_008086,363381.8
RE_005301,523959.38
RE_017076,402921.62
RE_001000,134960.16
RE_012000,214599.03
RE_006201,640748.44
RE_006389,1.0925638e+06
RE_002742,631111.8
RE_009062,977151.94
RE_014126,228776.81
RE_018170,563473.06
RE_014361,280290.88
RE_004532,421068.0
RE_000543,746386.2
RE_013662,85691.0
RE_013751,568001.3
RE_002618,805426.7
RE_008334,157954.25
RE_000339,726656.9
RE_014570,741061.0
RE_000109,248758.31
RE_011705,381453.38
RE_015309,1.337096e+06
RE_005750,218287.2
RE_014259,953871.94
RE_012621,410464.4
RE_002651,129610.766
RE_004831,449172.88
RE_016932,528480.94
RE_008091,3.9348432e+06
RE_004054,927657.94
RE_007293,635985.25
RE_009412,426819.97
RE_012875,3.1918435e+06
RE_017085,146220.88
RE_008229,194330.81
RE_012960,3.0986632e+06
RE_001535,842155.06
RE_017928,357276.22
RE_009841,1.5965156e+06
RE_000049,309890.97
RE_008857,2.107158e+06
RE_001232,521555.4
RE_009778,507010.34
RE_002192,1.9697464e+06
RE_002697,696936.2
RE_006154,228443.89
RE_016352,988619.4
RE_006470,740524.06
RE_002042,445486.56
RE_011600,222083.44
RE_007567,80069.34
RE_001202,381658.25
RE_002502,153640.03
RE_013283,587127.0
RE_005927,794090.75
RE_008806,491727.7
RE_003938,312649.3
RE_013566,378890.8
RE_006796,395933.75
RE_017178,278763.12
RE_011775,205074.69
RE_000987,3.3816142e+06
RE_007278,130769.04
RE_001836,511846.75
RE_000634,204941.75
RE_017590,544035.6
RE_009491,9.52359e+06
RE_007360,531627.2
RE_014960,477927.38
RE_001656,719188.3
RE_011758,495273.94
RE_000350,697473.44
RE_017522,687822.1
RE_015305,482484.97
RE_006385,729876.7
RE_012256,529164.8
RE_002621,177997.94
RE_011985,835093.06
RE_008504,210567.73
RE_000995,29292.139
RE_006019,134982.8
RE_006989,385860.78
RE_011840,906658.0
RE_011401,717686.44
RE_016510,728381.7
RE_011234,514605.28
RE_008962,917653.4
RE_010806,435669.72
RE_003106,469933.9
RE_012239,1.870035e+06
RE_013276,1.00448675e+06
RE_001976,663304.6
RE_000292,3.163563e+06
RE_006670,954114.9
RE_016626,104515.7
RE_013190,659738.94
RE_001753,1.2285724e+06
RE_007199,713844.06
RE_017982,208033.38
RE_010820,438067.84
RE_006466,1.0784682e+06
RE_013340,198165.75
RE_002865,388709.53
RE_000435,409914.78
RE_007291,341399.44
RE_006658,78045.6
RE_013315,1.2813629e+06
RE_016638,188602.97
RE_014747,663548.9
RE_012820,920562.56
RE_013727,704728.6
RE_010440,1.4920396e+06
RE_017174,374022.94
RE_017962,781954.7
RE_014380,342852.0
RE_000904,1.1960666e+06
RE_012466,851980.56
RE_004298,418946.7
RE_010525,165369.95
RE_015780,581972.6
RE_002881,3.5514325e+06
RE_001765,306235.94
RE_014138,906389.1
RE_015841,208832.45
RE_000992,448095.12
RE_009820,573821.6
RE_013615,213793.58
RE_006492,493686.16
RE_009588,448331.9
RE_009561,423602.62
RE_001487,292393.53
RE_016032,270702.78
RE_017973,1.587193e+06
RE_016103,326801.75
RE_013913,371262.38
RE_011046,7.117618e+06
RE_014559,268957.06
RE_006707,452438.97
RE_005796,538892.0
RE_005751,405653.72
RE_013401,514913.1
RE_012232,337766.8
RE_008807,356771.97
RE_001131,480373.44
RE_018116,4.1127112e+06
RE_014265,117399.734
RE_013116,1.2480529e+06
RE_003250,277371.4
RE_014481,775777.75
RE_015311,948844.7
RE_004329,455045.25
RE_004588,369946.88
RE_009026,970685.6
RE_017535,698983.0
RE_006706,2.522484e+06
RE_014206,208993.84
RE_005271,128995.18
RE_015661,528280.4
RE_007802,543093.75
RE_005516,145493.8
RE_000651,458207.22
RE_006008,1.6601834e+06
RE_005815,2.3548242e+06
RE_010443,608749.25
RE_008670,2.090696e+06
RE_001670,340329.62
RE_002730,97595.59
RE_012987,6.680271e+06
RE_007865,74710.18
RE_008618,490394.38
RE_012125,709551.1
RE_013379,222769.02
RE_006295,328981.28
RE_015462,238509.08
RE_004303,496606.28
RE_004340,359411.44
RE_004155,221694.28
RE_014944,808297.6
RE_006859,606944.6
RE_006947,200591.19
RE_009808,1.3745929e+06
RE_009760,237293.9
RE_014940,861907.56
RE_016175,902976.0
RE_018245,62044.637
RE_013797,8.1837385e+06
RE_007343,506407.75
RE_004531,578231.1
RE_001415,160483.45
RE_014215,139399.6
RE_003326,475269.34
RE_010196,1.7721994e+06
RE_005086,285041.44
RE_003785,511818.9
RE_011203,972978.56
RE_006957,983524.4
RE_015482,172056.98
RE_004873,281144.06
RE_005677,1.1786715e+06
RE_013947,385341.53
RE_010083,1.9902699e+06
RE_009702,318462.38
RE_014002,672596.5
RE_005330,783242.1
RE_012527,322827.78
RE_015689,243676.9
RE_005903,185930.38
RE_006671,1.4926007e+07
RE_012103,1.7641172e+06
RE_001354,93209.305
RE_016763,1.9400259e+06
RE_014755,1.8285352e+06
RE_007744,593729.0
RE_018162,77229.15
RE_017821,358784.72
RE_006224,291802.7
RE_001041,873735.7
RE_017408,218790.73
RE_017995,92883.47
RE_011169,1.0903112e+06
RE_007272,205913.47
RE_011951,407544.44
RE_001989,755804.0
RE_014857,604425.6
RE_005331,672590.75
RE_005848,175127.39
RE_014817,7.769459e+06
RE_004058,62312.668
RE_001198,991578.6
RE_012681,282477.66
RE_001305,630444.06
RE_009508,178558.16
RE_004977,720178.7
RE_004721,96411.47
RE_016996,196629.05
RE_008619,290089.3
RE_004109,1.5230354e+06
RE_009061,137585.02
RE_013709,156930.23
RE_003773,252437.97
RE_002679,308121.38
RE_014753,650780.44
RE_013355,601205.7
RE_000701,987154.4
RE_003925,637299.1
RE_013646,465966.12
RE_016622,164101.8
RE_004426,208882.86
RE_001677,212786.89
RE_014398,625360.75
RE_003505,465616.97
RE_008413,671910.56
RE_000745,550699.0
RE_012145,517896.53
RE_010931,233248.78
RE_012237,1.3515858e+06
RE_004652,176814.3
RE_017314,489800.34
RE_002709,724900.9
RE_012471,111705.97
RE_009218,1.0181317e+06
RE_010921,459004.97
RE_002180,1.2987764e+06
RE_009220,276435.53
RE_000432,1.7050406e+06
RE_017134,636921.8
RE_015426,89937.92
RE_005344,2.0900581e+06
RE_010255,811249.25
RE_004484,723940.56
RE_012181,364752.56
RE_012961,197624.67
RE_012473,996022.7
RE_002253,541730.7
RE_015986,342202.28
RE_012361,709254.8
RE_007297,872126.5
RE_005401,93397.59
RE_012005,206140.2
RE_000062,985577.8
RE_011073,533581.2
RE_007976,664997.06
RE_005522,56801.695
RE_000402,960434.1
RE_010748,506187.1
RE_009453,147534.34
RE_014344,336177.7
RE_000627,290693.6
RE_000556,170117.66
RE_017990,309386.9
RE_003444,193455.08
RE_005456,533982.3
RE_007747,557103.9
RE_005763,212984.23
RE_015100,714437.25
RE_008367,821190.94
RE_008804,378919.72
RE_016002,780324.0
RE_013539,363734.1
RE_013785,695661.94
RE_005462,1.2034212e+06
RE_011009,262381.88
RE_009895,272602.28
RE_002996,209784.61
RE_007581,403978.2
RE_010282,5.3839335e+06
RE_004678,1.1299696e+06
RE_014335,308959.7
RE_005241,608735.3
RE_013515,868875.56
RE_009858,444999.53
RE_012052,332537.8
RE_007252,511969.28
RE_011716,498243.38
RE_012341,2.8298425e+06
RE_011074,476132.22
RE_007255,308296.53
RE_006375,356027.6
RE_015129,534293.56
RE_002486,577640.3
RE_013650,403212.25
RE_015549,1.134956e+06
RE_000903,177111.5
RE_004895,405313.03
RE_004653,175781.97
RE_013162,225450.42
RE_003305,1.9179196e+07
RE_011397,535762.56
RE_002258,540832.5
RE_017262,441928.28
RE_011005,598739.0
RE_016799,256037.97
RE_012487,339253.75
RE_015303,268061.84
RE_008698,226406.44
RE_011010,726003.7
RE_002166,365756.8
RE_011621,892273.0
RE_007879,249230.38
RE_009422,371616.25
RE_003329,125470.73
RE_009058,4.4571505e+06
RE_006556,499687.1
RE_003386,798556.2
RE_014851,707611.0
RE_004499,580189.9
RE_010985,298971.12
RE_012182,1.4934035e+06
RE_009816,791008.44
RE_014235,361693.22
RE_008576,807169.1
RE_004792,505828.06
RE_005579,425868.12
RE_017330,494231.66
RE_017387,184830.9
RE_006678,520839.66
RE_005195,370004.38
RE_009567,691895.2
RE_004025,726286.25
RE_016107,2.2752e+06
RE_010800,237095.53
RE_002556,624662.2
RE_004586,1.757791e+06
RE_007474,93540.4
RE_000564,359798.97
RE_013924,1.2039368e+06
RE_011249,4.9254455e+06
RE_008640,301836.56
RE_008764,501525.62
RE_015161,2.4679005e+06
RE_016257,491967.38
RE_015087,347452.66
RE_012333,864710.1
RE_001883,416888.53
RE_008143,672180.4
RE_003764,427257.75
RE_009994,425806.4
RE_000923,582568.44
RE_013613,186500.27
RE_000533,435939.47
RE_005757,101109.92
RE_004359,241867.55
RE_016185,732489.56
RE_000708,437234.78
RE_007358,260903.45
RE_009183,352286.7
RE_010170,330901.3
RE_017452,702237.6
RE_005497,238661.08
RE_010214,3.698379e+06
RE_001402,274213.66
RE_016248,1.176255e+06
RE_005833,1.0065072e+06
RE_016062,492557.0
RE_004071,1.6673679e+06
RE_013065,343582.6
RE_009664,555538.25
RE_000935,475087.62
RE_015324,407462.44
RE_013720,629405.4
RE_002320,819748.06
RE_016480,1.330856e+06
RE_009687,654094.3
RE_008884,39155.85
RE_001169,457527.78
RE_003777,750198.4
RE_003725,975855.6
RE_005204,51488.418
RE_008629,615741.1
RE_007160,433361.6
RE_000793,234930.94
RE_013843,702356.1
RE_001702,429077.28
RE_011141,686271.25
RE_000437,892371.75
RE_009890,160430.81
RE_000559,242515.66
RE_015334,305537.0
RE_001801,243715.95
RE_004743,3.017648e+06
RE_000973,340844.1
RE_010420,1.0864469e+06
RE_012192,887670.25
RE_009224,980518.1
RE_015190,309857.28
RE_009369,219224.12
RE_004386,1.0539779e+06
RE_002288,456151.06
RE_013706,474249.25
RE_004911,862016.9
RE_013977,677601.6
RE_000463,145115.08
RE_012153,618572.2
RE_004172,1.1010151e+06
RE_015108,183524.45
RE_015839,501725.6
RE_017451,897225.56
RE_015918,61495.016
RE_014239,302464.75
RE_016870,82356.89
RE_010727,226196.45
RE_005174,505734.0
RE_004091,420926.66
RE_010706,488133.72
RE_003899,838579.9
RE_017148,941411.3
RE_014866,646119.5
RE_013258,642937.94
RE_008600,3.3524802e+06
RE_017251,118918.5
RE_004259,323189.44
RE_015044,338857.97
RE_017108,246193.81
RE_001324,1.488383e+06
RE_015638,417510.8
RE_012019,374962.6
RE_006426,831168.06
RE_015335,688374.06
RE_005783,476089.97
RE_015202,442336.03
RE_014906,245993.16
RE_007112,455280.53
RE_012766,1.4096619e+06
RE_014250,416374.78
RE_000817,454834.84
RE_009963,866891.56
RE_003644,258922.2
RE_000560,180002.38
RE_009705,236481.97
RE_012044,6.2310215e+06
RE_017068,688291.3
RE_016988,158144.02
RE_008436,943069.2
RE_013540,480357.4
RE_014700,385112.66
RE_013392,1.0677461e+06
RE_001225,57508.605
RE_016693,663747.56
RE_008455,301174.38
RE_011737,336915.22
RE_009367,610898.75
RE_006175,832648.5
RE_007830,177164.7
RE_004177,93657.87
RE_003982,402639.3
RE_014797,184332.73
RE_018244,551177.1
RE_000911,267529.1
RE_017703,353226.66
RE_016817,512436.75
RE_013464,237746.94
RE_015003,196178.58
RE_000734,528210.4
RE_004341,458648.78
RE_009884,952467.5
RE_005533,127501.2
RE_005816,223200.72
RE_006979,273258.47
RE_007162,364976.3
RE_017742,212627.66
RE_015703,495458.66
RE_011681,2.8284205e+06
RE_014382,563041.2
RE_015952,506155.22
RE_007296,753690.0
RE_014996,596408.1
RE_016507,253141.44
RE_013830,1.0513538e+06
RE_015466,434543.56
RE_005009,756344.06
RE_017638,666191.7
RE_002546,264373.44
RE_013780,529374.3
RE_006552,760648.75
RE_017668,172071.42
RE_010396,303995.7
RE_001373,1.5780828e+06
RE_012063,1.7127999e+06
RE_016319,689454.8
RE_015314,779996.6
RE_013542,171487.72
RE_013183,1.0388162e+07
RE_003022,535956.75
RE_014273,274243.75
RE_014513,770755.75
RE_011502,655355.0
RE_005754,196430.75
RE_010186,451813.34
RE_011831,1.4794321e+06
RE_006040,412691.5
RE_006409,344827.7
RE_003356,238590.3
RE_017048,1.9336754e+06
RE_017354,419203.66
RE_014168,415476.75
RE_012018,124786.836
RE_014613,608565.2
RE_015019,754991.4
RE_006018,694464.8
RE_011493,298840.88
RE_014112,2.3085885e+06
RE_002848,1.0592601e+06
RE_013263,13406.552
RE_008104,457897.94
RE_008972,1.7328312e+06
RE_017334,422362.22
RE_014884,422904.3
RE_000943,942531.56
RE_000140,1.0939065e+06
RE_004936,324185.6
RE_010839,1.146764e+06
RE_004537,1.3155028e+06
RE_015106,585992.56
RE_011150,731085.4
RE_012152,1.4158704e+06
RE_002782,994517.3
RE_008571,2.0849518e+06
RE_012047,493117.72
RE_016745,385158.56
RE_015126,447169.6
RE_008307,474127.62
RE_002513,490191.94
RE_015034,549479.3
RE_009714,383501.16
RE_015628,211791.22
RE_003068,494936.8
RE_008293,204524.3
RE_007984,224971.27
RE_012364,366439.75
RE_000454,2.405764e+06
RE_008865,1.2647061e+06
RE_001192,293138.44
RE_015962,1.2295444e+07
RE_003772,524302.25
RE_001758,105362.766
RE_002409,401285.34
RE_000886,33822.277
RE_011261,7.5447225e+06
RE_006870,436105.78
RE_013819,532792.5
RE_003038,74833.69
RE_015973,727953.25
RE_003598,277298.4
RE_006871,602828.75
RE_004866,914318.2
RE_006783,650313.9
RE_003620,1.0676912e+06
RE_012261,266170.62
RE_009057,1.6496092e+06
RE_010439,987981.3
RE_007388,305906.4
RE_001614,1.063904e+06
RE_008941,245623.47
RE_004847,100337.05
RE_016275,721807.6
RE_009067,400984.66
RE_002770,495095.9
RE_016091,1.1786681e+06
RE_006344,613082.7
RE_011213,974902.2
RE_014896,354444.8
RE_004478,595762.94
RE_000757,206534.55
RE_008515,519468.06
RE_010693,513634.47
RE_016971,405560.47
RE_013311,228285.78
RE_000861,921759.06
RE_003558,162377.52
RE_012025,3.8874808e+06
RE_000130,350046.9
RE_001601,743907.5
RE_001301,58777.82
RE_000092,256224.11
RE_010205,363846.84
RE_000877,2.1086695e+06
RE_009315,344362.34
RE_007011,668130.94
RE_012629,102705.33
RE_015662,541090.94
RE_009799,3.8190948e+06
RE_017248,660160.0
RE_005254,836429.75
RE_009888,358521.7
RE_014094,179779.69
RE_010958,1.7306348e+06
RE_001241,4.256313e+06
RE_008914,308907.22
RE_000893,1.4129864e+06
RE_012460,1.7514608e+06
RE_018053,225380.78
RE_007960,329158.6
RE_001599,927253.7
RE_001088,443276.47
RE_004509,447691.47
RE_005173,873612.4
RE_004435,1.6239988e+06
RE_012167,443839.1
RE_011398,237837.88
RE_001699,426781.7
RE_001811,207076.92
RE_001423,548911.06
RE_013875,1.2482815e+06
RE_008362,551281.25
RE_016249,443271.84
RE_006666,471519.03
RE_009520,1.1158235e+06
RE_015284,292938.06
RE_008989,1.6179405e+06
RE_006130,680872.9
RE_000035,323015.97
RE_011087,389316.84
RE_014134,3.0272522e+06
RE_011350,2.0048222e+06
RE_013825,229608.05
RE_000499,169807.1
RE_003818,344177.5
RE_005137,339499.75
RE_006364,528768.3
RE_016911,205057.48
RE_010494,365870.22
RE_000972,139634.05
RE_016748,381712.84
RE_005949,3.2717268e+06
RE_004582,786808.0
RE_017269,297960.38
RE_006803,1.1631668e+06
RE_000541,655058.8
RE_007403,2.0170115e+06
RE_016614,329912.53
RE_003741,307879.62
RE_012661,843045.44
RE_002185,1.1444948e+06
RE_005948,402547.16
RE_017481,636223.6
RE_006220,162102.11
RE_007949,407177.72
RE_000656,587417.6
RE_014748,244374.14
RE_015859,305873.44
RE_002346,13464.8955
RE_013852,662875.9
RE_002662,82769.56
RE_014342,7.142464e+06
RE_008953,528664.94
RE_018119,69615.5
RE_012077,785570.1
RE_006448,379285.25
RE_000635,498780.6
RE_005909,1.3233294e+06
RE_011842,615600.8
RE_005465,243701.31
RE_001375,756521.5
RE_016810,822837.2
RE_007615,341383.47
RE_012222,212823.42
RE_003040,1.8328441e+06
RE_001906,1.0076924e+06
RE_016819,44824.53
RE_003338,568683.2
RE_008078,465204.62
RE_002439,525316.75
RE_005460,800316.56
RE_006619,604495.4
RE_000872,581488.3
RE_013457,72855.85
RE_003256,456593.25
RE_016943,1.4932041e+06
RE_015389,242148.89
RE_016596,458410.03
RE_009845,1.4602216e+06
RE_008205,96231.15
RE_012967,169857.78
RE_013801,686512.8
RE_003085,251397.22
RE_003649,859605.8
RE_004592,296819.12
RE_014891,271103.25
RE_016657,190848.02
RE_012783,4.220223e+06
RE_013750,629969.9
RE_007735,4.8925855e+06
RE_016203,501550.97
RE_003379,879322.2
RE_004179,258230.5
RE_012558,507415.7
RE_011687,342236.22
RE_016034,988256.5
RE_010755,480719.0
RE_013949,542680.56
RE_000828,1.9629224e+06
RE_010906,701926.25
RE_013480,510714.53
RE_012388,183675.9
RE_004132,396725.6
RE_012310,768292.1
RE_003744,342684.3
RE_001807,6.973284e+06
RE_002172,4.1756845e+06
RE_012589,1.3956619e+06
RE_010589,1.0599321e+06
RE_004264,294152.75
RE_016664,419166.1
RE_001235,1.6213942e+06
RE_009592,180439.11
RE_013271,433309.53
RE_002323,847592.94
RE_004795,5.891047e+06
RE_014396,469699.12
RE_000955,790683.4
RE_003912,741612.44
RE_001314,160038.1
RE_012521,427728.66
RE_007875,469633.72
RE_007374,582636.8
RE_010897,2.26531e+06
RE_014939,193531.11
RE_005501,457579.72
RE_001345,260743.52
RE_007454,674607.25
RE_004276,540400.94
RE_012942,305844.84
RE_008926,1.03161075e+06
RE_015175,293033.06
RE_008031,685254.3
RE_015297,349181.7
RE_009291,507225.06
RE_001778,543313.4
RE_007863,309438.25
RE_014449,368203.2
RE_012922,354009.72
RE_012136,423712.94
RE_006160,3.4856458e+06
RE_000577,1.188257e+06
RE_005974,397122.3
RE_002607,7.9346295e+06
RE_006055,357270.78
RE_013393,40357.97
RE_003341,281242.22
RE_014466,1.1258606e+06
RE_007294,1.4352694e+07
RE_018104,207908.81
RE_001963,2.4079352e+06
RE_011918,523895.4
RE_007839,795861.0
RE_006824,945868.6
RE_009125,665517.25
RE_013757,1.4248932e+06
RE_006997,5.508667e+06
RE_001499,261394.08
RE_009427,180209.02
RE_015734,784698.56
RE_006417,226415.08
RE_004940,721945.3
RE_004662,158049.78
RE_016992,3.692388e+06
RE_004625,219515.75
RE_017340,440110.94
RE_003284,244585.62
RE_002395,321361.34
RE_007513,372025.1
RE_009280,204625.17
RE_010266,961426.6
RE_009666,700965.6
RE_003233,1.4618897e+07
RE_008879,982351.7
RE_001170,706320.56
RE_015409,883179.75
RE_011665,277849.8
RE_015883,293531.78
RE_009039,485997.94
RE_009258,484274.06
RE_014427,314381.38
RE_017101,85041.25
RE_000648,831550.25
RE_012270,379588.84
RE_002740,368834.72
RE_007253,108008.08
RE_011248,3.35792e+06
RE_003007,2.6867635e+06
RE_001843,116964.56
RE_007441,544107.75
RE_016509,128322.3
RE_011193,185027.36
RE_017713,1.0316049e+06
RE_001939,681410.06
RE_016476,461889.97
RE_003769,320402.28
RE_001583,331266.66
RE_014595,1.00326894e+06
RE_007639,145076.47
RE_015949,600825.6
RE_017468,3.1406778e+06
RE_014719,743762.8
RE_018065,2.0488354e+06
RE_003377,770777.06
RE_011824,1.4678546e+06
RE_005987,1.5440895e+06
RE_002736,531965.94
RE_010242,2.0014065e+06
RE_015068,139793.14
RE_012137,308343.88
RE_002673,641424.6
RE_007743,444559.66
RE_003894,332867.8
RE_005622,1.1249108e+06
RE_017961,1.0961194e+06
RE_012075,2.587201e+06
RE_012298,1.319521e+06
RE_015394,1.2173189e+06
RE_015443,920380.0
RE_016501,103301.99
RE_018252,223319.73
RE_007137,399505.2
RE_003629,510724.28
RE_008834,5.7719435e+06
RE_001220,2.0628831e+06
RE_002670,128934.914
RE_015005,556954.6
RE_007998,1.1032224e+06
RE_008378,169153.94
RE_012502,835097.06
RE_016294,78736.01
RE_008235,728932.06
RE_004205,613201.4
RE_003928,277322.22
RE_012686,408919.12
RE_005231,441523.47
RE_014512,175250.19
RE_001364,247368.45
RE_008689,579283.2
RE_015958,425691.5
RE_012029,376689.44
RE_005638,572803.56
RE_007638,777568.0
RE_013885,4.428221e+06
RE_010056,299774.25
RE_015403,313787.38
RE_015572,303641.9
RE_007655,752138.3
RE_014056,4.997502e+06
RE_004746,621036.44
RE_007496,683163.0
RE_012851,781016.4
RE_012412,996578.5
RE_012989,178776.42
RE_005218,614262.56
RE_004325,632713.6
RE_016026,207954.23
RE_018269,121865.555
RE_000746,424018.12
RE_000595,519950.8
RE_012672,774749.3
RE_016951,522499.8
RE_010790,934640.3
RE_006366,275368.84
RE_013622,752056.56
RE_018255,257090.1
RE_007650,290457.78
RE_010942,422456.88
RE_013633,1.2644291e+07
RE_011649,157065.88
RE_010821,1.1942874e+06
RE_005602,1.1765064e+06
RE_003687,155629.27
RE_004899,388026.2
RE_004427,105121.484
RE_003638,583686.8
RE_002071,2.4134645e+06
RE_007520,1.5931409e+07
RE_014953,784453.2
RE_009627,419201.66
RE_016121,149341.94
RE_004004,7.6140195e+06
RE_010177,2.2200865e+06
RE_007331,1.7168246e+06
RE_002773,256140.8
RE_006348,725417.5
RE_006469,472645.94
RE_004027,889045.3
RE_017718,321183.03
RE_007381,199413.77
RE_008510,1.1634152e+06
RE_017605,490929.25
RE_007250,696481.06
RE_005358,1.5013746e+06
RE_016730,259066.95
RE_011062,79623.27
RE_011295,160522.48
RE_004116,186251.95
RE_017485,396769.12
RE_001665,837433.8
RE_008627,123690.03
RE_017532,7.2467335e+06
RE_014740,124106.9
RE_002653,255288.22
RE_010843,1.00623844e+06
RE_011445,273892.97
RE_011326,165984.27
RE_007736,2.665245e+06
RE_006804,1.7367705e+06
RE_012340,130902.17
RE_005103,716736.4
RE_005528,409385.03
RE_000489,139435.62
RE_010371,548710.06
RE_015902,835877.1
RE_011612,563531.6
RE_016668,428581.62
RE_008417,644685.94
RE_017476,188186.67
RE_012862,293638.44
RE_009120,193213.9
RE_016590,959830.7
RE_000390,335526.2
RE_003223,792729.5
RE_007310,204465.98
RE_001412,1.2040929e+06
RE_007339,583310.06
RE_002553,2.9196268e+06
RE_012215,143241.66
RE_017418,475870.75
RE_006254,5.393991e+06
RE_015042,547281.25
RE_004099,560105.25
RE_000275,670219.7
RE_013982,855185.44
RE_010998,267271.53
RE_002434,1.272694e+06
RE_009043,402296.94
RE_010819,302601.5
RE_014000,448888.1
RE_009244,174046.3
RE_016242,693620.2
RE_012573,409461.16
RE_017783,597751.44
RE_006025,481343.8
RE_002648,334837.66
RE_000055,655319.4
RE_012083,350142.06
RE_006284,1.1290895e+06
RE_015091,189268.56
RE_006063,296130.38
RE_013213,507562.8
RE_011219,535660.9
RE_007517,151437.47
RE_013364,350499.2
RE_011677,429126.0
RE_017799,523736.56
RE_012992,176441.53
RE_009875,1.3401675e+06
RE_005687,8.398954e+06
RE_003648,351188.12
RE_008395,3.020415e+06
RE_005325,9.776138e+06
RE_015236,1.717442e+06
RE_000031,157604.55
RE_014065,395096.38
RE_012346,116841.26
RE_015154,504413.25
RE_016725,328374.44
RE_008290,440989.03
RE_008793,178530.23
RE_017165,173017.11
RE_002831,727547.94
RE_009741,162834.67
RE_012553,789504.2
RE_002197,330501.1
RE_015222,1.3047862e+06
RE_014321,665647.4
RE_002850,379637.34
RE_014526,251835.86
RE_009111,1.0133242e+06
RE_011713,658265.1
RE_010115,527977.2
RE_004830,886206.1
RE_010403,938731.6
RE_017533,408980.38
RE_010822,257538.42
RE_009442,211199.64
RE_012932,558338.4
RE_004507,143738.53
RE_004062,247971.69
RE_008993,2.8142302e+06
RE_016043,649056.1
RE_006662,839013.44
RE_012890,636952.75
RE_009076,1.1874868e+06
RE_018228,353989.44
RE_008323,229569.3
RE_005375,31404.197
RE_008354,926619.9
RE_005604,472099.47
RE_017494,53482.11
RE_007445,1.4630248e+06
RE_003844,1.0828699e+06
RE_016728,400909.34
RE_009568,920801.44
RE_000836,888444.4
RE_004560,647377.75
RE_011084,47402.703
RE_014769,1.1078625e+06
RE_010077,634578.44
RE_000050,1.0353768e+06
RE_018035,703515.2
RE_018095,1.247565e+06
RE_013394,589298.44
RE_001687,718106.8
RE_009733,309206.7
RE_000849,537283.75
RE_016637,551493.1
RE_016934,660695.3
RE_011593,873431.6
RE_003692,137831.39
RE_010620,593159.06
RE_013717,323766.62
RE_017482,626636.5
RE_003146,203289.47
RE_011194,420669.44
RE_012105,459124.5
RE_003841,772091.75
RE_008260,427135.53
RE_007504,549830.5
RE_015183,557227.2
RE_006581,130580.36
RE_005188,387424.94
RE_014480,382894.88
RE_001493,298482.56
RE_005866,255032.95
RE_013414,305688.84
RE_016939,246054.86
RE_013112,427703.75
RE_002938,982482.8
RE_012015,364185.66
RE_004558,1.387344e+06
RE_005958,503394.44
RE_013384,311882.2
RE_007208,607143.8
RE_004296,331314.03
RE_000696,242824.38
RE_007858,629419.2
RE_009882,74140.86
RE_011890,228902.08
RE_003061,2.4240778e+06
RE_000394,466403.6
RE_013679,115713.38
RE_001356,653402.25
RE_001773,3.3883482e+06
RE_004747,264745.1
RE_015993,127795.805
RE_008864,262488.25
RE_011765,2.0407056e+06
RE_013647,316108.25
RE_002873,599751.1
RE_014014,900191.06
RE_000827,947784.75
RE_013159,791848.5
RE_011499,221032.67
RE_017129,296997.22
RE_008029,1.03192856e+06
RE_009631,753492.4
RE_011315,993110.8
RE_014834,55885.277
RE_008666,487524.72
RE_018124,180411.58
RE_010756,581091.94
RE_006673,316480.78
RE_001862,1.3861445e+06
RE_008918,252893.39
RE_014406,2.5261505e+06
RE_016601,2.083455e+06
RE_004283,76297.3
RE_009373,233846.81
RE_009689,249129.86
RE_000882,339142.16
RE_002520,584762.1
RE_013573,2.1055668e+07
RE_008135,452964.4
RE_000332,1.0004728e+07
RE_007509,952618.3
RE_018178,272046.75
RE_014309,767917.8
RE_011570,628209.0
RE_014499,740383.56
RE_012255,416360.88
RE_014401,1.0574534e+06
RE_013859,3.3148198e+06
RE_016274,66874.95
RE_013434,863489.7
RE_009501,602293.75
RE_009317,1.9386036e+06
RE_005002,936269.3
RE_011672,399609.2
RE_005369,541281.9
RE_011609,691008.94
RE_008785,1.4270105e+06
RE_015517,453165.3
RE_015795,309310.5
RE_001298,466169.7
RE_000118,583641.75
RE_017539,81085.695
RE_001868,3.508367e+06
RE_007197,904686.1
RE_012078,484355.8
RE_011686,394532.34
RE_007026,395435.66
RE_004897,515647.75
RE_015581,1.4061226e+06
RE_009452,483199.62
RE_009757,864297.9
RE_012440,240869.22
RE_003466,945750.5
RE_008057,746180.5
RE_000661,511537.34
RE_005601,241844.94
RE_003683,4.8549555e+06
RE_015873,824517.44
RE_007832,181696.39
RE_015614,1.2743799e+06
RE_017512,488320.44
RE_008230,568935.94
RE_001685,763304.06
RE_006793,407701.5
RE_004736,466725.28
RE_013084,1.2589564e+06
RE_011592,718094.5
RE_004320,316529.06
RE_013141,459767.28
RE_001637,671651.7
RE_012155,2.963741e+06
RE_016842,447820.84
RE_010769,581564.25
RE_008683,151005.25
RE_003514,427864.1
RE_014276,277026.7
RE_016399,20252.76
RE_002485,653755.06
RE_012353,782542.56
RE_001477,220281.42
RE_005882,781306.2
RE_012926,303468.78
RE_007113,584991.4
RE_002928,631054.0
RE_001694,476292.53
RE_003110,231430.97
RE_006007,111001.04
RE_016313,635356.56
RE_015501,339473.84
RE_004246,358818.25
RE_012357,259603.89
RE_009121,169033.8
RE_004915,104224.56
RE_009634,1.1678606e+06
RE_000665,534363.4
RE_001390,636909.06
RE_002411,483867.8
RE_014684,383672.72
RE_004167,472592.28
RE_000285,558280.4
RE_008743,2.3980535e+06
RE_009584,420331.38
RE_007433,337844.78
RE_000984,483988.72
RE_000959,151231.38
RE_003144,905722.9
RE_002403,984358.56
RE_015639,538271.5
RE_007017,284050.7
RE_017144,487711.7
RE_008390,423836.6
RE_015755,509039.38
RE_017963,677199.1
RE_014990,234741.25
RE_004547,240036.58
RE_006924,724853.9
RE_006419,418258.03
RE_008063,986770.4
RE_001726,5.8080615e+06
RE_002560,990150.75
RE_013569,836618.0
RE_017160,1.5486628e+06
RE_008494,743201.94
RE_004790,257650.94
RE_008586,477762.88
RE_005314,568236.44
RE_007135,135820.6
RE_016530,68711.39
RE_017169,258758.3
RE_002752,375489.0
RE_002929,241036.97
RE_008788,290691.66
RE_013148,1.7683636e+06
RE_006865,1.00199244e+06
RE_011032,83675.46
RE_009928,198973.98
RE_011631,521366.94
RE_002047,203270.47
RE_006797,66207.68
RE_017795,932628.06
RE_007472,518190.0
RE_016197,116653.76
RE_010006,547842.06
RE_001896,694656.9
RE_003016,664164.9
RE_008960,129697.07
RE_017752,987071.56
RE_002222,210798.0
RE_003414,547483.75
RE_007769,3.174567e+06
RE_004262,555073.25
RE_018240,137516.94
RE_015836,286756.72
RE_004703,152377.97
RE_010948,987222.2
RE_008541,198404.2
RE_005168,1.3856039e+06
RE_000058,2.078551e+06
RE_000344,1.03281175e+06
RE_003588,1.3772199e+06
RE_000674,489530.4
RE_016805,791478.56
RE_005680,384466.8
RE_005334,5.012729e+06
RE_006817,118367.58
RE_000393,385157.1
RE_013399,502106.12
RE_003157,533255.6
RE_000335,2.363876e+06
RE_006073,209035.5
RE_003134,422456.06
RE_017020,469135.5
RE_013286,767060.0
RE_006176,6.729686e+06
RE_005612,621632.5
RE_008238,255935.19
RE_005415,674406.5
RE_003665,1.1439186e+06
RE_010663,622062.5
RE_005253,1.0419858e+06
RE_007911,603358.44
RE_012437,644932.56
RE_005834,407295.38
RE_014861,453213.28
RE_017954,2.5442498e+06
RE_001662,2.2845778e+06
RE_014476,31616.15
RE_013521,328626.0
RE_001533,696528.9
RE_007580,531794.5
RE_002904,360272.44
RE_018164,1.1812654e+06
RE_003897,469996.66
RE_005632,355962.75
RE_016952,386971.5
RE_015712,1.5656616e+06
RE_002784,559372.4
RE_010789,710264.0
RE_004815,456015.78
RE_005235,498429.66
RE_006585,338122.28
RE_013976,1.0434964e+06
RE_002276,407829.44
RE_016283,108224.61
RE_007115,426546.5
RE_000725,554626.7
RE_005742,1.2090639e+06
RE_006085,1.7557102e+06
RE_012195,702956.56
RE_017109,138670.6
RE_008497,186659.52
RE_000412,623169.25
RE_016542,1.327645e+06
RE_004159,986347.94
RE_005921,977476.3
RE_001464,1.6677384e+06
RE_002989,324711.6
RE_001823,615795.2
RE_009024,494686.7
RE_001724,1.6050206e+07
RE_015166,459312.8
RE_009371,729921.25
RE_008544,394017.6
RE_005175,315748.8
RE_018011,470730.97
RE_004973,494898.56
RE_013228,759077.7
RE_011881,278983.06
RE_009438,316324.78
RE_009384,407682.06
RE_005918,5.75961e+06
RE_001579,111077.6
RE_017812,1.1343056e+06
RE_000615,121970.9
RE_002656,739469.75
RE_003454,2.4414432e+06
RE_007533,706486.3
RE_016156,723547.1
RE_012395,291185.28
RE_015523,73773.88
RE_006332,1.00220844e+06
RE_001847,486805.06
RE_014629,392441.4
RE_015391,1.0110027e+06
RE_012695,241175.16
RE_008860,308972.34
RE_012873,620883.06
RE_002188,510474.47
RE_000784,344700.78
RE_014154,929464.44
RE_016661,212755.23
RE_012646,355237.7
RE_003660,937010.75
RE_006167,431845.44
RE_006471,753896.3
RE_010173,604919.25
RE_009213,1.1624648e+06
RE_015329,1.8181664e+06
RE_001299,510312.88
RE_010088,233355.58
RE_016539,343545.9
RE_008155,1.1682729e+06
RE_005737,682703.8
RE_014735,952712.8
RE_010506,1.0571409e+06
RE_001782,231636.1
RE_011113,861411.2
RE_011011,1.1583966e+06
RE_003608,530696.1
RE_008708,320267.25
RE_002647,931563.1
RE_017731,396634.8
RE_015159,795015.94
RE_009485,196226.47
RE_011727,649523.6
RE_017896,752962.94
RE_009163,113711.54
RE_013682,864933.6
RE_015470,457486.34
RE_008164,439226.62
RE_009706,574709.4
RE_014441,467999.6
RE_012564,398341.78
RE_004043,2.3462678e+06
RE_001714,72629.07
RE_016676,420951.97
RE_010969,473232.72
RE_006026,526919.9
RE_011664,4.2142265e+06
RE_005752,209492.12
RE_013973,1.334851e+06
RE_006754,630710.44
RE_016092,146499.34
RE_003892,320915.44
RE_005242,386529.62
RE_016771,432688.88
RE_006053,42914.133
RE_014428,632042.4
RE_004115,605345.1
RE_000388,490784.6
RE_016922,541600.5
RE_003189,130296.24
RE_002461,1.1799221e+06
RE_002218,772277.3
RE_005224,906869.0
RE_011524,497428.66
RE_004794,298911.56
RE_011402,406446.78
RE_014692,143956.39
RE_000159,253644.81
RE_003162,212120.3
RE_010688,2.6198385e+06
RE_007154,912888.4
RE_008335,3.2903382e+06
RE_002428,825647.4
RE_015283,195601.88
RE_016566,1.0528356e+06
RE_008682,431476.56
RE_009614,813735.75
RE_008246,634398.75
RE_000500,532090.25
RE_001457,94025.06
RE_017460,537257.1
RE_009832,228552.2
RE_008626,560430.1
RE_014227,365100.94
RE_003539,427866.53
RE_004514,1.6608436e+06
RE_007036,332843.7
RE_013611,1.3501196e+06
RE_000149,2.0841208e+06
RE_001850,267846.16
RE_002878,402863.62
RE_015339,174382.08
RE_010479,231717.62
RE_008537,254900.44
RE_004562,601703.56
RE_004527,633581.9
RE_002012,923550.56
RE_007774,2.1161638e+06
RE_008380,314116.75
RE_011738,633305.2
RE_000545,1.01133444e+06
RE_000371,366973.75
RE_000654,489105.75
RE_009855,676736.9
RE_015784,503264.84
RE_001623,580078.1
RE_014473,618079.2
RE_016059,120867.375
RE_002641,75293.27
RE_011281,571006.44
RE_002337,2.0441415e+06
RE_011475,278667.7
RE_004457,698377.3
RE_010155,431843.38
RE_000100,1.5380698e+06
RE_003273,293142.9
RE_001902,471369.78
RE_004234,356015.38
RE_008728,534532.56
RE_006412,1.2548916e+06
RE_018028,303526.7
RE_002566,458297.7
RE_003782,581969.3
RE_006663,451127.47
RE_001188,994783.8
RE_000406,568333.5
RE_007662,293754.12
RE_005895,502631.72
RE_007097,884267.75
RE_014295,687540.8
RE_013347,881557.3
RE_001701,1.2500708e+06
RE_015640,1.3669428e+06
RE_018085,829686.3
RE_013491,1.9903459e+06
RE_007415,300925.44
RE_013267,752759.75
RE_002310,294431.75
RE_007341,453317.03
RE_003652,446638.56
RE_016474,905134.9
RE_004704,1.3792914e+06
RE_010643,624095.3
RE_005051,1.148456e+06
RE_000069,831674.75
RE_009849,71509.664
RE_005584,56344.23
RE_000829,728689.5
RE_004584,250623.3
RE_005125,864225.4
RE_000303,615237.5
RE_005264,264698.88
RE_003128,1.3461919e+06
RE_017301,622323.56
RE_002540,388181.28
RE_010438,99124.86
RE_000606,927761.44
RE_004147,5.8975335e+06
RE_016759,920739.06
RE_015996,483645.44
RE_013754,447167.03
RE_016795,66022.805
RE_013583,779407.0
RE_001425,963742.7
RE_010671,514237.8
RE_014947,662992.9
RE_007536,521005.6
RE_010793,790290.6
RE_013707,367782.4
RE_002632,126721.86
RE_015127,1.386745e+07
RE_015356,1.02201325e+06
RE_004741,441680.56
RE_013916,254238.88
RE_014085,44723.926
RE_015535,611228.56
RE_007776,241431.75
RE_010399,1.7892836e+06
RE_012372,452248.75
RE_001927,179900.61
RE_018048,355195.7
RE_001174,258001.81
RE_004008,142534.97
RE_013009,469691.06
RE_008157,181266.64
RE_003878,458507.53
RE_014581,740300.25
RE_007338,198325.52
RE_012860,811190.44
RE_006645,216982.31
RE_014832,1.7143999e+06
RE_006902,799273.9
RE_004892,1.6228685e+06
RE_011853,881718.75
RE_013185,879628.3
RE_009668,945168.0
RE_005122,1.9745574e+06
RE_010253,138591.0
RE_000021,769003.94
RE_011091,893483.0
RE_007079,326129.56
RE_016531,581378.5
RE_010601,60098.14
RE_004041,839399.2
RE_009981,362515.1
RE_012196,236928.94
RE_007612,1.0181987e+06
RE_017608,89578.31
RE_010987,358468.03
RE_017987,411829.7
RE_013816,4.2526045e+06
RE_007957,474637.47
RE_013756,298264.6
RE_008426,228199.58
RE_003871,400748.4
RE_007076,282235.84
RE_000091,596900.94
RE_007330,884479.44
RE_017871,2.3944292e+06
RE_006181,455191.1
RE_005039,557047.06
RE_007616,225784.38
RE_016214,344944.12
RE_010183,349265.28
RE_011244,312281.6
RE_004900,798410.0
RE_000875,85081.41
RE_016592,570197.75
RE_015396,583587.75
RE_015649,1.7894731e+06
RE_005749,2.1215732e+06
RE_011799,275872.47
RE_007585,515842.03
RE_004780,490245.7
RE_012014,587340.3
RE_000614,161011.58
RE_014790,1.1884111e+06
RE_011352,1.0850501e+06
RE_011783,228548.48
RE_008059,1.2283662e+06
RE_011949,79913.57
RE_013375,839733.06
RE_006104,380541.03
RE_013460,370306.56
RE_004411,565068.6
RE_004357,4.0749735e+06
RE_011119,398737.44
RE_018021,555139.44
RE_000263,704132.06
RE_004491,456787.06
RE_000510,861007.94
RE_017423,1.0529461e+06
RE_007095,310957.94
RE_000605,481502.66
RE_007691,164459.64
RE_007049,448066.9
RE_006113,364989.53
RE_001347,325027.3
RE_016409,182128.72
RE_017260,62672.883
RE_017028,502454.38
RE_009594,1.2308851e+06
RE_015171,1.1320449e+06
RE_015070,525098.4
RE_011958,348277.75
RE_005345,844205.56
RE_009342,633439.3
RE_008716,176361.28
RE_009770,1.4126078e+06
RE_011809,342062.0
RE_017672,299380.0
RE_003706,565707.06
RE_010347,745533.94
RE_007676,1.1728632e+06
RE_008134,913056.44
RE_007384,419925.5
RE_003367,607407.3
RE_014358,261900.12
RE_011294,441864.66
RE_010642,534159.56
RE_001917,203228.02
RE_008827,385857.84
RE_017773,208889.23
RE_012328,483274.75
RE_005333,2.3474182e+06
RE_015915,2.3658248e+06
RE_002490,614213.94
RE_006787,117854.73
RE_006692,405663.0
RE_009254,628373.2
RE_010102,917287.6
RE_006680,430012.94
RE_013212,566332.7
RE_002921,4.2803865e+06
RE_010015,258876.03
RE_012676,286075.2
RE_012363,655962.75
RE_012534,427804.12
RE_008306,258753.36
RE_012206,536345.4
RE_008109,144226.14
RE_014384,734755.7
RE_004571,44297.312
RE_000840,353790.0
RE_013448,289278.5
RE_005147,403516.12
RE_013572,253790.72
RE_017903,1.3033114e+06
RE_002830,295104.16
RE_008234,375232.3
RE_013029,61941.35
RE_010926,1.0990565e+06
RE_016434,212338.48
RE_004849,80131.375
RE_013454,412823.78
RE_004093,429378.56
RE_006638,585989.75
RE_010476,467038.75
RE_016700,282749.6
RE_012815,1.1952262e+06
RE_000121,436543.53
RE_011162,236389.75
RE_012082,403405.72
RE_006986,480681.4
RE_012804,379794.5
RE_006646,51049.492
RE_001502,567246.2
RE_015244,389102.3
RE_002660,8.836798e+06
RE_010818,699532.5
RE_008425,1.1539135e+06
RE_002596,2.7342478e+06
RE_005381,274868.5
RE_013560,230325.44
RE_013471,1.6989539e+06
RE_001554,550069.1
RE_000986,663896.4
RE_008483,1.6329412e+07
RE_005907,487899.16
RE_012455,1.1931638e+06
RE_005639,197543.64
RE_000594,1.5294981e+06
RE_006983,1.0590248e+06
RE_000427,867030.5
RE_015669,237060.25
RE_013961,332284.53
RE_010044,1.3546892e+06
RE_006255,425481.25
RE_014987,899301.2
RE_006150,269038.38
RE_016593,509981.56
RE_003771,370163.56
RE_001124,3.1715048e+06
RE_002119,728082.4
RE_012790,607999.06
RE_009345,235546.53
RE_012696,332122.3
RE_010413,267424.75
RE_017937,278721.9
RE_009436,581635.8
RE_013602,9.054203e+06
RE_007818,422080.75
RE_011797,487787.97
RE_007460,806331.3
RE_002432,668190.25
RE_016066,981171.94
RE_012024,687217.0
RE_012826,369914.4
RE_006682,344404.06
RE_001832,816187.8
RE_010641,375195.8
RE_003509,337669.22
RE_010336,934518.25
RE_011813,777593.2
RE_001603,1.6458676e+06
RE_014883,548846.1
RE_005093,407770.3
RE_002487,670621.9
RE_007074,888621.44
RE_001386,676095.7
RE_013959,103274.51
RE_005311,182570.25
RE_004817,129288.18
RE_004442,781534.25
RE_005586,631506.75
RE_005028,209623.22
RE_002681,277707.3
RE_013954,368293.1
RE_005142,917927.4
RE_003698,197418.02
RE_015018,818195.4
RE_007918,261265.98
RE_003974,199832.2
RE_009149,632432.5
RE_007332,381366.8
RE_000780,606856.7
RE_017202,170628.0
RE_007728,1.1612748e+06
RE_009354,1.2589949e+06
RE_013710,814642.6
RE_007737,4.6498885e+06
RE_003408,239737.34
RE_013056,397375.38
RE_002633,215516.22
RE_004007,673525.3
RE_000005,1.1074939e+06
RE_004052,2.2765542e+06
RE_014143,538465.06
RE_009210,402245.53
RE_012670,742878.8
RE_003679,612661.9
RE_001780,208418.81
RE_015338,263025.5
RE_017385,260040.73
RE_004039,225210.17
RE_003478,312078.53
RE_006828,1.7537389e+06
RE_004309,495359.9
RE_001628,607171.6
RE_011293,521947.5
RE_003983,257348.64
RE_005617,999904.8
RE_014141,301337.84
RE_017994,509840.53
RE_015343,903725.5
RE_000937,245203.36
RE_013811,67871.05
RE_011795,532707.7
RE_000956,286185.16
RE_007652,248896.17
RE_016147,286203.72
RE_016478,712297.6
RE_006806,267883.72
RE_007005,707132.06
RE_001201,281344.16
RE_005439,1.0053876e+06
RE_013993,520706.56
RE_008058,902371.7
RE_012447,892085.8
RE_012902,1.1757605e+06
RE_004745,389730.7
RE_002589,479101.56
RE_007146,4.069618e+06
RE_013034,271999.28
RE_007611,377698.47
RE_013630,1.6708269e+06
RE_008623,235293.5
RE_007997,431173.4
RE_008742,758425.0
RE_003421,308947.88
RE_004640,541211.7
RE_002420,1.1955192e+06
RE_003760,339655.2
RE_007251,308664.56
RE_014098,797572.1
RE_000297,1.7433784e+06
RE_012293,118633.05
RE_008613,368561.2
RE_011021,540354.06
RE_013606,608145.2
RE_001439,99155.4
RE_002849,724829.7
RE_006622,187193.97
RE_010609,203349.19
RE_010531,1.8007136e+06
RE_017573,924998.8
RE_007484,305593.53
RE_007052,288284.0
RE_017199,614346.3
RE_009590,952770.94
RE_009380,880769.06
RE_014346,1.3650005e+06
RE_016758,482304.16
RE_002923,310310.03
RE_014845,1.2010594e+06
RE_017978,151424.75
RE_005070,558544.5
RE_001132,136287.19
RE_000526,619223.75
RE_004013,308104.62
RE_002876,878496.56
RE_004210,660867.4
RE_001781,819807.5
RE_006506,248337.33
RE_018144,213545.38
RE_006708,545204.25
RE_016857,103249.89
RE_015377,879448.0
RE_015596,395365.12
RE_015563,194040.62
RE_001320,140557.12
RE_008632,989159.75
RE_013927,1.0541719e+06
RE_015369,1.6620621e+06
RE_012230,2.2522215e+06
RE_014973,518446.53
RE_001498,333200.66
RE_001122,265198.94
RE_016502,324290.4
RE_000792,1.1015802e+06
RE_012307,898459.44
RE_013301,219227.47
RE_007512,222414.94
RE_000781,351230.0
RE_001422,354883.5
RE_012116,2.357199e+06
RE_008774,135421.06
RE_012172,692216.0
RE_008478,781676.6
RE_001045,306921.56
RE_013891,1.3195289e+07
RE_008680,134733.3
RE_005459,297718.94
RE_016581,235732.83
RE_005347,722495.6
RE_006832,381213.38
RE_009084,2.498952e+06
RE_007446,211200.05
RE_017695,391201.2
RE_011628,945560.2
RE_014489,112790.58
RE_002619,631017.3
RE_006530,101721.57
RE_010682,1.8278361e+06
RE_007405,275281.66
RE_008957,240746.12
RE_015520,1.1245118e+06
RE_004516,160436.94
RE_011411,1.8375311e+06
RE_009113,1.4630596e+06
RE_018090,169392.38
RE_016553,681573.2
RE_001664,216672.55
RE_002700,435125.78
RE_004458,2.5715022e+06
RE_009720,862745.56
RE_015816,201753.44
RE_005380,328966.53
RE_005118,119639.35
RE_018182,310658.84
RE_003790,328750.16
RE_016265,2.5526272e+06
RE_016722,397754.16
RE_011920,307464.72
RE_012111,2.0072308e+06
RE_000628,697077.8
RE_000279,163912.55
RE_005998,238682.7
RE_003947,1.4824604e+07
RE_001645,173930.98
RE_015323,792703.06
RE_016224,560260.75
RE_017738,416000.9
RE_004254,414123.06
RE_012397,721968.7
RE_007912,440662.78
RE_002379,748771.7
RE_017484,255283.6
RE_015288,141449.48
RE_005339,75653.88
RE_008158,467205.38
RE_015416,408415.2
RE_010072,360700.47
RE_003910,862567.0
RE_016556,660052.94
RE_010859,1.058941e+06
RE_006512,989450.4
RE_006587,1.0464562e+06
RE_008637,983404.3
RE_003378,473619.66
RE_012419,839249.5
RE_003488,117959.53
RE_004914,293490.34
RE_002362,546338.94
RE_004384,495901.6
RE_011974,1.7240701e+06
RE_008297,570595.94
RE_009477,442960.38
RE_013348,1.240539e+06
RE_002240,1.3669754e+06
RE_003133,752031.44
RE_008998,1.154618e+06
RE_005491,749003.1
RE_006416,1.2532329e+06
RE_014749,217685.36
RE_015987,613931.7
RE_009978,430854.44
RE_006227,476726.97
RE_003564,602165.7
RE_009632,305376.47
RE_008093,662276.9
RE_016049,1.3230164e+06
RE_002841,1.2735512e+06
RE_007944,453802.34
RE_009781,329676.66
RE_002017,444123.2
RE_004883,903997.9
RE_004067,597604.4
RE_012899,543665.8
RE_015226,2.846942e+06
RE_003654,34252.094
RE_015875,1.2373088e+06
RE_018039,470755.22
RE_001776,157300.17
RE_000006,955554.5
RE_012568,5.041321e+06
RE_017921,648939.75
RE_009151,802546.06
RE_004059,578637.7
RE_000613,410453.06
RE_018288,575166.6
RE_011410,222377.61
RE_008954,1.7196512e+06
RE_016460,236389.75
RE_016654,661079.2
RE_009656,3.28581e+06
RE_017797,509500.28
RE_016336,290859.44
RE_016783,375096.0
RE_016078,789922.9
RE_008491,2.7760268e+06
RE_014720,418497.84
RE_015516,2.5017848e+06
RE_007301,136388.34
RE_006326,991237.3
RE_008855,348501.7
RE_011528,80872.16
RE_005165,1.7074148e+06
RE_006607,567732.7
RE_001771,3.1712175e+06
RE_011482,786883.06
RE_015024,334907.28
RE_014225,393267.53
RE_014231,156483.38
RE_015735,817075.7
RE_016243,229642.44
RE_005474,535568.44
RE_012258,333534.16
RE_003083,1.1642699e+06
RE_015947,382027.12
RE_001065,194323.4
RE_013915,22048.922
RE_014527,537575.4
RE_013230,807423.2
RE_009386,2.0211475e+06
RE_000278,41997.035
RE_010222,684073.75
RE_012552,119403.63
RE_014705,325965.1
RE_000907,384844.66
RE_014216,232365.8
RE_018256,449594.6
RE_001160,203597.38
RE_011586,566912.5
RE_014925,781687.75
RE_016864,502459.66
RE_014113,287793.12
RE_011745,77105.3
RE_002372,5.9999375e+06
RE_016250,856626.94
RE_017983,1.2744394e+06
RE_007914,2.1329888e+06
RE_005326,601112.25
RE_005283,1.5085292e+06
RE_014247,121199.46
RE_014909,484486.56
RE_007897,89218.27
RE_012554,410738.9
RE_005400,719182.8
RE_016468,7.745504e+06
RE_002314,528681.56
RE_012506,641814.4
RE_007426,69031.52
RE_004398,98258.766
RE_011718,546247.75
RE_015477,286488.56
RE_015434,600334.25
RE_000942,245786.1
RE_000211,2.0106065e+06
RE_000644,426222.03
RE_007687,509442.47
RE_013867,161306.22
RE_011739,397193.5
RE_003319,274237.72
RE_005922,279585.28
RE_016713,183127.75
RE_012724,241880.45
RE_011962,714260.8
RE_001044,173006.55
RE_006758,754194.75
RE_013021,1.1087165e+06
RE_002162,330138.84
RE_002986,1.0763178e+06
RE_004339,441767.75
RE_006669,433183.1
RE_011126,534219.2
RE_007750,439385.4
RE_015045,612350.56
RE_007318,208776.9
RE_001912,196194.28
RE_006501,577045.7
RE_008481,234820.95
RE_010971,959848.1
RE_015122,685457.56
RE_001536,284969.4
RE_016418,84161.734
RE_007169,513369.53
RE_014966,751819.2
RE_005495,1.1359988e+06
RE_010699,225304.27
RE_003117,231511.55
RE_012144,380267.47
RE_004472,477556.06
RE_017582,84683.13
RE_017938,1.0645444e+06
RE_015864,445732.62
RE_017841,408081.53
RE_015128,196722.08
RE_002462,340210.84
RE_008555,205293.47
RE_005932,318956.9
RE_014530,652679.9
RE_010376,859010.8
RE_011159,128099.03
RE_012475,672721.6
RE_000007,743982.0
RE_001592,298587.3
RE_001563,297541.53
RE_000531,473977.06
RE_013736,602794.8
RE_002268,20352.713
RE_012805,234527.33
RE_002837,312734.28
RE_006964,855677.4
RE_012495,5.8233525e+06
RE_002433,260434.84
RE_008435,408273.44
RE_014872,997949.94
RE_013635,231647.81
RE_008963,654569.8
RE_018210,317501.06
RE_015634,293926.75
RE_000833,1.7912692e+06
RE_007061,2.3595248e+06
RE_017745,1.9882931e+06
RE_017547,824412.06
RE_015937,962711.1
RE_012309,674954.75
RE_012059,54513.1
RE_016443,702190.7
RE_002158,346575.03
RE_011252,127550.7
RE_010295,446064.3
RE_002562,635452.3
RE_009863,256360.98
RE_007552,513815.75
RE_010626,347997.53
RE_000978,2.2206942e+06
RE_009653,467976.8
RE_018083,862152.56
RE_016549,662126.56
RE_009205,491104.38
RE_015849,565755.06
RE_007677,442674.06
RE_000280,1.2058339e+06
RE_007382,406255.34
RE_018157,1.4120555e+06
RE_009409,592025.94
RE_012742,2.0133139e+06
RE_004216,366649.12
RE_014878,636608.44
RE_002571,591695.2
RE_014323,7.0579125e+06
RE_011415,164943.27
RE_018009,3.2617885e+06
RE_004981,698084.4
RE_000778,264763.53
RE_013054,666986.3
RE_008016,481734.16
RE_001949,249795.05
RE_000051,1.0662341e+06
RE_002107,688846.9
RE_014824,758906.9
RE_000767,903026.8
RE_011367,1.8255489e+06
RE_001085,641062.6
RE_017723,458476.5
RE_009595,1.86278e+07
RE_016631,47638.05
RE_017206,455228.88
RE_004226,460836.2
RE_005162,668617.3
RE_014088,532796.06
RE_005123,54484.83
RE_004843,808188.94
RE_013525,2.7910465e+06
RE_016407,176488.14
RE_004084,597430.0
RE_005972,459918.56
RE_002321,283085.25
RE_017392,334295.88
RE_000567,1.2689745e+06
RE_001695,315708.75
RE_011153,1.1845934e+06
RE_016246,234967.23
RE_000179,784275.1
RE_015582,680870.25
RE_015664,733103.8
RE_014713,367351.6
RE_014767,312166.94
RE_017816,267755.25
RE_007724,2.6179578e+06
RE_017372,459195.0
RE_011274,3.5493705e+06
RE_017739,1.0247509e+06
RE_001454,98743.68
RE_016090,3.0237842e+06
RE_011900,688008.5
RE_013745,451178.66
RE_008850,833834.1
RE_003005,1.1711866e+06
RE_017683,681152.1
RE_017439,323173.72
RE_016440,417907.56
RE_012548,5.0125805e+06
RE_017171,680904.7
RE_016618,398891.1
RE_001746,496768.75
RE_012698,825235.7
RE_002026,540620.0
RE_007559,1.2701005e+06
RE_017447,596525.3
RE_011476,624928.5
RE_017233,576859.7
RE_007481,159869.83
RE_000552,132411.75
RE_016021,2.989454e+06
RE_005448,456967.88
RE_010025,942848.9
RE_003935,227495.77
RE_004153,857908.06
RE_008690,436738.0
RE_001855,726001.6
RE_007796,975050.0
RE_014636,1.3820446e+06
RE_000032,310635.44
RE_014374,368770.72
RE_013451,315494.16
RE_004941,709901.06
RE_010932,696796.6
RE_005132,620855.2
RE_014783,488800.8
RE_015757,1.6256754e+06
RE_015480,1.1822764e+06
RE_010815,915550.2
RE_004332,97404.05
RE_014392,965184.0
RE_014941,213488.16
RE_009332,340256.6
RE_006381,2.3987512e+06
RE_010527,557967.4
RE_013199,892756.5
RE_010468,128251.7
RE_011953,358028.3
RE_013168,879121.75
RE_004550,653831.1
RE_002174,135835.88
RE_014070,386309.62
RE_016006,751551.8
RE_002836,636087.1
RE_015001,552419.06
RE_005258,568330.75
RE_002412,205931.14
RE_010575,388770.34
RE_013760,73528.25
RE_000563,1.5244915e+06
RE_009159,257560.28
RE_010353,283370.75
RE_008351,877434.0
RE_017835,260188.83
RE_018106,340002.6
RE_013089,1.01017675e+06
RE_012712,566762.2
RE_011539,1.8073184e+06
RE_000631,756569.1
RE_008922,60374.4
RE_001438,83044.64
RE_015599,799355.5
RE_007900,1.0538402e+06
RE_018020,44425.418
RE_006210,719038.1
RE_011057,677101.0
RE_016825,922688.75
RE_002771,181188.34
RE_004739,228678.44
RE_014311,402036.53
RE_005608,769323.0
RE_008004,1.0495245e+06
RE_012097,2.8736605e+06
RE_011675,952313.1
RE_004810,3.7533435e+06
RE_011505,486241.78
RE_002859,172886.8
RE_006566,2.741658e+06
RE_005787,651377.75
RE_003868,280308.78
RE_006933,236811.02
RE_004417,508594.4
RE_017854,828039.0
RE_007668,241042.48
RE_016643,89239.375
RE_007694,326265.5
RE_001089,473720.84
RE_015615,731732.0
RE_013972,192939.55
RE_009639,1.1193791e+06
RE_006901,499982.66
RE_006647,277584.7
RE_014125,400091.2
RE_004269,283378.03
RE_005776,1.2882478e+06
RE_008846,161554.08
RE_011855,533975.2
RE_009952,126061.08
RE_003717,115100.234
RE_017429,396296.4
RE_000206,1.064447e+06
RE_013294,1.7328445e+06
RE_009433,416346.6
RE_005233,429673.9
RE_011007,179795.64
RE_009980,1.0636098e+06
RE_000267,155922.97
RE_001820,34396.945
RE_016140,280639.66
RE_005289,199670.28
RE_007643,607233.56
RE_011978,246940.64
RE_007172,468970.0
RE_015113,129319.75
RE_003952,896699.5
RE_003528,469297.94
RE_016935,1.0900878e+06
RE_017784,327297.38
RE_015878,314152.7
RE_004203,437820.2
RE_005871,500899.94
RE_016270,235797.81
RE_009673,608040.2
RE_005594,237987.17
RE_006439,90158.29
RE_014041,3.9728022e+06
RE_014317,459498.12
RE_014308,322655.72
RE_007119,998324.06
RE_010385,171922.33
RE_009992,927229.8
RE_008382,121019.05
RE_005906,318915.53
RE_002659,761280.1
RE_012203,296139.4
RE_007109,915807.8
RE_013079,798564.56
RE_003919,1.6781359e+06
RE_009739,336486.88
RE_008009,117446.54
RE_016396,1.1362404e+06
RE_010437,947416.94
RE_005140,441455.25
RE_010131,154809.47
RE_007075,558462.5
RE_005243,197286.66
RE_001970,896832.9
RE_006504,256281.53
RE_005839,1.0905452e+06
RE_009898,613413.1
RE_009372,448337.06
RE_004418,233357.36
RE_007102,526733.44
RE_014377,434468.97
RE_004821,715271.7
RE_006043,157503.44
RE_000143,353518.5
RE_007707,292414.72
RE_001481,453747.8
RE_006627,2.5966708e+06
RE_011535,712128.5
RE_008440,457690.56
RE_000334,481608.75
RE_010408,557016.25
RE_004268,481446.66
RE_010150,798519.6
RE_002644,4.7992355e+06
RE_007644,703499.1
RE_004490,265851.5
RE_009374,652938.8
RE_009813,163065.14
RE_003471,240747.27
RE_017531,932516.9
RE_011710,475524.12
RE_017557,723671.4
RE_014706,868222.8
RE_003604,782062.1
RE_015786,514668.6
RE_014118,720278.3
RE_009241,373367.56
RE_006760,3.0585582e+06
RE_003688,217349.3
RE_007891,363985.3
RE_009527,1.3572795e+06
RE_001751,249066.19
RE_011647,547061.0
RE_010096,370860.38
RE_018044,849288.94
RE_007274,647177.1
RE_001114,703147.6
RE_010955,412961.6
RE_008802,325414.7
RE_000317,194183.72
RE_005455,277312.97
RE_000569,380336.75
RE_008639,363854.47
RE_000505,406563.47
RE_007060,327194.7
RE_010314,846644.5
RE_016896,1.6702899e+06
RE_002578,129748.78
RE_005430,224414.55
RE_013354,4.3134975e+06
RE_014586,123122.18
RE_006377,499936.88
RE_012710,554835.6
RE_004485,700648.8
RE_013777,231520.38
RE_004422,269545.84
RE_010521,1.7209244e+06
RE_012312,805090.3
RE_004251,322643.12
RE_013497,1.04854506e+06
RE_014356,280701.5
RE_016847,797337.1
RE_005876,350601.84
RE_015882,310948.72
RE_010298,3.9564345e+06
RE_005535,778007.9
RE_007799,520701.1
RE_001246,553670.1
RE_007771,37787.3
RE_012530,215309.75
RE_016295,806611.25
RE_013132,2.9425678e+06
RE_004920,558931.9
RE_001546,1.068396e+06
RE_003295,422444.0
RE_010168,645647.6
RE_013610,370144.5
RE_009779,321739.44
RE_010026,1.090617e+06
RE_012045,195599.08
RE_009347,131196.62
RE_015120,476210.3
RE_005916,338982.4
RE_006825,3.243988e+06
RE_015453,440732.12
RE_004837,892493.44
RE_004110,704029.3
RE_009390,868668.44
RE_007247,525356.4
RE_007086,334497.1
RE_010803,269538.66
RE_005423,457311.84
RE_017724,576990.06
RE_012605,720285.9
RE_017055,537992.9
RE_013874,388323.1
RE_009321,233732.44
RE_012488,444444.78
RE_016572,105436.25
RE_006737,103748.35
RE_010215,109749.164
RE_005733,260840.02
RE_016610,331797.8
RE_000205,212273.3
RE_002683,193918.53
RE_014103,989693.9
RE_016617,1.1876305e+06
RE_013589,326329.0
RE_008653,204304.98
RE_008050,493414.56
RE_010611,449444.53
RE_010159,1.2021331e+06
RE_009456,4.7770615e+06
RE_004064,816153.56
RE_013445,4.2040585e+06
RE_013044,1.4188279e+06
RE_017182,375310.7
RE_006625,528675.0
RE_014062,805228.56
RE_007603,1.1108979e+06
RE_005845,1.0218495e+06
RE_014405,289897.4
RE_010248,1.5037335e+07
RE_002296,235015.88
RE_002839,313843.66
RE_003858,489781.2
RE_010858,567818.25
RE_000059,826316.1
RE_016134,1.6809212e+06
RE_011069,145476.17
RE_016212,248165.45
RE_015822,141218.31
RE_010261,1.5313955e+06
RE_012572,1.6636258e+06
RE_006513,2.8065838e+06
RE_013598,2.9553725e+06
RE_011257,902709.94
RE_010193,323057.84
RE_008357,323792.25
RE_016567,999996.3
RE_001829,1.1295472e+06
RE_014059,496471.3
RE_017803,301948.28
RE_003822,1.0516996e+06
RE_004468,932139.0
RE_005894,335803.4
RE_003299,632326.94
RE_004102,481603.7
RE_000244,969816.75
RE_007128,761356.4
RE_013696,494640.94
RE_012291,519317.47
RE_002997,521960.94
RE_015759,211484.44
RE_012275,312130.94
RE_017992,1.4086608e+06
RE_018198,221554.8
RE_013218,365244.1
RE_000867,336347.0
RE_004667,889983.5
RE_017885,679382.94
RE_008025,2.0369665e+06
RE_016235,919093.25
RE_017879,379220.5
RE_012427,341646.97
RE_006549,888154.6
RE_000251,750258.5
RE_004971,808417.1
RE_016640,555580.6
RE_000826,284737.7
RE_002084,957480.2
RE_012266,471088.0
RE_014519,592861.0
RE_015817,144068.45
RE_003161,1.0300202e+06
RE_000171,466436.5
RE_009893,9787.998
RE_001950,245212.95
RE_002655,622368.7
RE_006952,916824.1
RE_005960,3.0959132e+06
RE_013251,152982.67
RE_011810,561806.5
RE_006820,5.128921e+06
RE_013716,351733.78
RE_015084,352270.25
RE_018001,318113.0
RE_005006,407010.0
RE_012944,645265.4
RE_006484,472912.4
RE_015372,388529.4
RE_006406,245453.23
RE_015625,960948.1
RE_005210,397229.5
RE_007510,730773.1
RE_014948,568935.94
RE_014847,1.3129171e+06
RE_006718,68301.42
RE_005085,633678.56
RE_016199,1.6520558e+06
RE_014433,388374.94
RE_001905,524103.3
RE_010284,243567.02
RE_007614,196542.61
RE_004233,612441.06
RE_010267,1.172701e+06
RE_007748,2.795146e+06
RE_012016,626032.06
RE_000493,743459.3
RE_016629,617198.0
RE_007133,3.6417112e+06
RE_006594,751610.56
RE_006272,218648.89
RE_010359,444569.0
RE_013372,539060.56
RE_016523,507536.7
RE_011370,2.9822382e+06
RE_006124,2.2520132e+06
RE_009857,518607.75
RE_005135,399327.28
RE_000391,1.5873974e+06
RE_015894,897960.9
RE_005350,337652.8
RE_006695,84793.195
RE_012823,357149.84
RE_011433,240604.5
RE_007424,151006.25
RE_012003,352649.4
RE_008873,312285.16
RE_000160,289849.0
RE_000876,237412.75
RE_010659,588577.9
RE_001766,289427.78
RE_012916,1.6131474e+06
RE_006899,449457.4
RE_002114,246729.95
RE_013129,216508.55
RE_012697,1.7819528e+06
RE_007883,397683.6
RE_001317,301079.88
RE_002305,132203.3
RE_012590,242045.22
RE_000744,159877.3
RE_008316,743647.2
RE_005171,165944.84
RE_014353,137323.36
RE_003112,530355.6
RE_013998,105499.914
RE_007120,1.2409082e+06
RE_002723,432676.1
RE_017985,1.3642391e+06
RE_005722,2.4599138e+06
RE_014660,355373.56
RE_016099,244031.1
RE_007635,9.826763e+06
RE_001612,509659.7
RE_000921,251892.06
RE_017567,693616.25
RE_007557,128812.75
RE_001333,637361.1
RE_000126,723837.7
RE_006981,168270.78
RE_007537,217064.06
RE_008795,321790.1
RE_017741,271498.3
RE_013150,740360.94
RE_014717,1.5846475e+06
RE_001172,260512.6
RE_008498,496468.47
RE_001858,724272.06
RE_008858,1.0083066e+06
RE_004599,321554.47
RE_010419,404959.12
RE_016374,771449.2
RE_005190,91676.57
RE_003148,160704.31
RE_012988,615271.0
RE_005811,1.3015898e+06
RE_003492,856048.75
RE_000333,345832.47
RE_011417,404526.03
RE_000026,835972.8
RE_011217,215616.73
RE_008798,3.2347728e+06
RE_013105,1.9439595e+06
RE_004552,556770.3
RE_000492,344292.4
RE_011443,1.1589469e+06
RE_017701,754546.56
RE_005595,673803.5
RE_000426,551283.3
RE_014956,247503.66
RE_013936,2.0219668e+07
RE_018221,135653.1
RE_006121,845335.06
RE_018052,331675.06
RE_000105,295209.44
RE_009848,965229.1
RE_000038,334054.0
RE_007178,537978.5
RE_016765,327689.97
RE_005366,187191.81
RE_008757,36403.723
RE_005262,1.3480971e+06
RE_011619,5.7647205e+06
RE_002894,1.50048e+06
RE_015914,457143.1
RE_014619,585813.75
RE_016580,260169.72
RE_014697,1.0239307e+07
RE_017696,804787.9
RE_000988,411111.2
RE_002237,532539.56
RE_001158,571850.56
RE_008784,1.475705e+06
RE_009694,447490.4
RE_000916,555215.7
RE_013113,425475.16
RE_018147,893379.06
RE_015850,455860.12
RE_014146,147315.86
RE_000689,330324.3
RE_011451,1.4582024e+06
RE_012400,1.00353975e+06
RE_013012,926237.3
RE_013493,3.22475e+06
RE_005316,157481.95
RE_012403,265360.6
RE_001611,297079.1
RE_007091,310004.2
RE_005599,583983.0
RE_008859,374447.3
RE_012135,274712.56
RE_002766,839757.9
RE_009596,85834.055
RE_007950,188849.72
RE_004029,716657.1
RE_002360,686523.25
RE_009811,1.2945855e+06
RE_015900,224144.61
RE_007083,486031.78
RE_003398,1.3370462e+06
RE_008190,106436.234
RE_017406,755532.3
RE_002224,403986.66
RE_012958,1.0017947e+06
RE_008460,279511.16
RE_009621,846592.8
RE_012250,270936.78
RE_001118,565406.6
RE_000989,649080.9
RE_008175,523039.75
RE_013960,155596.02
RE_015380,1.1981148e+06
RE_001244,839783.5
RE_003506,712095.94
RE_007479,440477.9
RE_012635,1.230425e+06
RE_012486,59966.0
RE_014796,493493.16
RE_000542,881261.44
RE_013784,489787.72
RE_000561,1.2966551e+06
RE_010322,1.0112197e+06
RE_008534,69430.58
RE_000947,31699.904
RE_010035,576260.4
RE_018149,239485.97
RE_004275,438091.66
RE_018130,826290.94
RE_004209,3.8903402e+06
RE_004066,455379.97
RE_006474,1.3656892e+06
RE_007499,247496.34
RE_005139,1.1040076e+06
RE_010775,484061.66
RE_017187,505182.06
RE_012402,156679.6
RE_003078,252297.4
RE_004825,416657.22
RE_010690,162380.92
RE_010608,81276.15
RE_006553,1.2795226e+06
RE_000809,475669.72
RE_012889,1.5508664e+06
RE_014483,1.2502759e+06
RE_007323,982644.0
RE_003694,700514.56
RE_017839,227646.39
RE_017749,2.3126145e+06
RE_007409,350542.3
RE_001974,272733.06
RE_000086,324317.62
RE_014261,594962.94
RE_000166,519638.0
RE_007164,576119.1
RE_002365,423027.34
RE_014892,380679.7
RE_002156,142229.17
RE_007402,673011.7
RE_011879,996943.5
RE_003366,1.02717444e+06
RE_002971,651559.2
RE_009323,727656.9
RE_001618,370471.88
RE_001913,382307.78
RE_012265,1.1508736e+06
RE_016766,379889.78
RE_001616,606796.5
RE_001547,240779.19
RE_015211,9.908219e+06
RE_012795,456582.78
RE_014908,1.1347915e+06
RE_000233,1.2048028e+06
RE_011230,118893.664
RE_009514,796788.25
RE_017289,830558.75
RE_013400,252391.52
RE_001705,885877.44
RE_011993,662194.75
RE_013489,4.0936388e+06
RE_003940,359305.2
RE_017925,958981.6
RE_001650,3.2613902e+06
RE_000897,162038.44
RE_010100,421877.12
RE_010919,526247.94
RE_007628,1.0127126e+06
RE_012982,238637.62
RE_004782,517556.34
RE_015954,635453.56
RE_006568,192456.23
RE_003145,96397.5
RE_002867,301482.72
RE_012133,471411.12
RE_006453,886239.94
RE_011271,3.3234992e+06
RE_018184,432656.7
RE_000269,338819.2
RE_010393,435584.97
RE_002635,514597.9
RE_008851,692263.5
RE_012332,452147.4
RE_015761,1.8022118e+06
RE_015213,122823.24
RE_001137,801674.75
RE_009064,568387.7
RE_011913,766749.1
RE_009046,769631.94
RE_003385,1.1083878e+06
RE_017534,607935.8
RE_013900,516831.28
RE_007783,788970.5
RE_000672,971747.06
RE_017708,552330.56
RE_018161,295313.06
RE_016704,357782.9
RE_012912,1.265797e+06
RE_012752,3.6611912e+06
RE_015697,445052.16
RE_012168,199836.6
RE_016491,824578.0
RE_005773,239488.94
RE_001126,332345.7
RE_002555,68221.55
RE_004997,408041.06
RE_015395,888308.8
RE_013905,991173.94
RE_011026,393296.78
RE_016576,297136.9
RE_007844,936252.4
RE_009167,1.1003255e+06
RE_017181,669967.3
RE_006460,602935.7
